NolramImpro	http://mii-images.cdn.nintendo.net/3nhht3y6sjm8f_normal_face.png	Nolram
SGK2017	http://mii-images.cdn.nintendo.net/4bxo1rny12r_normal_face.png	しげ
preamstrikbiz0	http://mii-images.cdn.nintendo.net/2i0nphr806hjp_normal_face.png	primo
gotatari	http://mii-images.cdn.nintendo.net/2dvhs41zz7yxo_normal_face.png	たくと
skrufpanda	http://mii-images.cdn.nintendo.net/2n2gr4n7oxgpc_normal_face.png	pinkachuz
Atticus1184	http://mii-images.cdn.nintendo.net/14nznkv1dshz0_normal_face.png	Atticus
tai6-masa120	http://mii-images.cdn.nintendo.net/3p0f58pj6xdvl_normal_face.png	ポーくん
yassy_yasu	http://mii-images.cdn.nintendo.net/2ye8l03gnea72_normal_face.png	yassy
josephc_01	http://mii-images.cdn.nintendo.net/28betze3p57nh_normal_face.png	joe
math718	http://mii-images.cdn.nintendo.net/3t05f4ua72wyn_normal_face.png	math
sho.k6	http://mii-images.cdn.nintendo.net/2rfrym9rpjfno_normal_face.png	しようと
Anilucie	http://mii-images.cdn.nintendo.net/nzcxf42shw66_normal_face.png	Theophile
pueppy902	http://mii-images.cdn.nintendo.net/2fx2u68g3ws64_normal_face.png	tami
Xwol16	http://mii-images.cdn.nintendo.net/1eoqzcemxsijb_normal_face.png	z man
rororonan624	http://mii-images.cdn.nintendo.net/1avtnwj4346w_normal_face.png	roro
ua2229ia	http://mii-images.cdn.nintendo.net/3hmghf04czf2d_normal_face.png	ミラン
1602SHION	http://mii-images.cdn.nintendo.net/1emz5uk85n65l_normal_face.png	クーゲルシュライバー
igorsssa	http://mii-images.cdn.nintendo.net/3alh60yvy0g1w_normal_face.png	Igor
emerson1312	http://mii-images.cdn.nintendo.net/13v0p0bxhlv1o_normal_face.png	Emerson
NiCOx2-ALiCE	http://mii-images.cdn.nintendo.net/3c55wx5f5qu67_normal_face.png	ドラ
praujg19mnvksoxz	http://mii-images.cdn.nintendo.net/1ondkoctzfkxh_normal_face.png	carlos
pausfam	http://mii-images.cdn.nintendo.net/13e8tiiioxuz1_normal_face.png	first
Fafakaizeur	http://mii-images.cdn.nintendo.net/1yffsipa82vjw_normal_face.png	FAFA
kotetu2003	http://mii-images.cdn.nintendo.net/jeour1pou7tx_normal_face.png	しゅん
ftotheamily	http://mii-images.cdn.nintendo.net/azb7zjwrvez4_normal_face.png	dad
iwhrs.0	http://mii-images.cdn.nintendo.net/2stlfsri9uofd_normal_face.png	ほの
Y.Tetta	http://mii-images.cdn.nintendo.net/1ledah6r0bdxn_normal_face.png	てった
Deimun	http://mii-images.cdn.nintendo.net/2lhz6fldpzkx5_normal_face.png	Drew
Jigglyfan	http://mii-images.cdn.nintendo.net/1kcf1ipyhm5n7_normal_face.png	Hasan
raamdani34000	http://mii-images.cdn.nintendo.net/2bfmzlwrk9pje_normal_face.png	lokman
annarikumama	http://mii-images.cdn.nintendo.net/399i901p9a6oc_normal_face.png	♪　Anna ♪
0614MASAKIOKADA	http://mii-images.cdn.nintendo.net/3jzvkb2mvh1dc_normal_face.png	ブロッコリーブロリー
6323AA	http://mii-images.cdn.nintendo.net/1lbsdi73myy9h_normal_face.png	マーヤ
tomoka4868	http://mii-images.cdn.nintendo.net/veucgp8v3oup_normal_face.png	♪ホイップ♪
flacocachetes	http://mii-images.cdn.nintendo.net/16pkjlvfqhabl_normal_face.png	Diego
kumo2009	http://mii-images.cdn.nintendo.net/1xsgcuhaq7q3l_normal_face.png	くっちゃん
cocohalki	http://mii-images.cdn.nintendo.net/14ndi66ar2w4j_normal_face.png	きうく
ninietlulu	http://mii-images.cdn.nintendo.net/ycf35k2ug8d6_normal_face.png	Lulu
Staticalmite	http://mii-images.cdn.nintendo.net/d6wjy5ibxy05_normal_face.png	Stats
Wiggle133	http://mii-images.cdn.nintendo.net/1tx8nxlid5guh_normal_face.png	Eagle
jacobrw420	http://mii-images.cdn.nintendo.net/f9e3rnp7vi5k_normal_face.png	jacob
Joelbema	http://mii-images.cdn.nintendo.net/2hojkw1fl60e5_normal_face.png	BlacKGes
eddyck11	http://mii-images.cdn.nintendo.net/3p1bzvivxbywf_normal_face.png	edd
tiochan12	http://mii-images.cdn.nintendo.net/3hlm9rc81rrhl_normal_face.png	ゆう
hayfrend	http://mii-images.cdn.nintendo.net/5k0rcp7snpzt_normal_face.png	Paul
Potentially_Luke	http://mii-images.cdn.nintendo.net/240e7uyiozq59_normal_face.png	Luke
caiokouk123	http://mii-images.cdn.nintendo.net/1b4znfg9wl3f7_normal_face.png	caio
tmomma85	http://mii-images.cdn.nintendo.net/3buqtii8ji6z9_normal_face.png	mrjqwwwuuu
rvaldes13	http://mii-images.cdn.nintendo.net/25hafq4vya1lu_normal_face.png	Rok
justusgamer27600	http://mii-images.cdn.nintendo.net/2qb5tw3vl09bd_normal_face.png	jimmy
MTma-kun0205	http://mii-images.cdn.nintendo.net/2km296i3mmdzf_normal_face.png	PAN　まーくん
pedro2512	http://mii-images.cdn.nintendo.net/234d7q53v0bax_normal_face.png	pedro
0509kaito	http://mii-images.cdn.nintendo.net/2himld9u73d8u_normal_face.png	かいと
manhead	http://mii-images.cdn.nintendo.net/2qbhcp3vufum4_normal_face.png	manhead
Usiel04	http://mii-images.cdn.nintendo.net/1olygt5onfk4c_normal_face.png	Usiel04
Tongan	http://mii-images.cdn.nintendo.net/2dzsrx4mdwzm8_normal_face.png	Kris
aozora12345	http://mii-images.cdn.nintendo.net/vakopw6nvzum_normal_face.png	ひと
26684mG	http://mii-images.cdn.nintendo.net/24rmdbg890ju2_normal_face.png	nico
mamokimi	http://mii-images.cdn.nintendo.net/36n44int85if4_normal_face.png	もえもえ
taiga0105	http://mii-images.cdn.nintendo.net/359zoe12jte7f_normal_face.png	2109s
haruking20	http://mii-images.cdn.nintendo.net/1lbzu7m2r8ade_normal_face.png	はるき
L.a.w.l.i.e.t.27	http://mii-images.cdn.nintendo.net/1c23efegrumgm_normal_face.png	kyo kun
tomo-takubi	http://mii-images.cdn.nintendo.net/1o18ckhyh6x7z_normal_face.png	たくみ
javierfloreshdz	http://mii-images.cdn.nintendo.net/2tx050a7wbror_normal_face.png	Javier
161125dayo	http://mii-images.cdn.nintendo.net/2xt2l676x671u_normal_face.png	たっくん
MAMEYAMA	http://mii-images.cdn.nintendo.net/yssq0c972fmh_normal_face.png	まさのり
MCHockey555	http://mii-images.cdn.nintendo.net/10n58hvu16akh_normal_face.png	Double A
masash_0903	http://mii-images.cdn.nintendo.net/1nejznpf0mekj_normal_face.png	まさし
1216souri	http://mii-images.cdn.nintendo.net/ldylcln6wc41_normal_face.png	ちょちょP
Dragonogon2	http://mii-images.cdn.nintendo.net/2kgo29xdhhlf8_normal_face.png	Kotatsu
shinichiyoshio	http://mii-images.cdn.nintendo.net/3syq0hb25vfub_normal_face.png	しょう　きんた
bebe4242	http://mii-images.cdn.nintendo.net/kss1z0u7jtxl_normal_face.png	bebe
kaz-towa	http://mii-images.cdn.nintendo.net/y1k31y0b2j5n_normal_face.png	☆かずは★
koudal333811	http://mii-images.cdn.nintendo.net/35byxuzdlolf6_normal_face.png	XIXILI
Brennan_Caboor	http://mii-images.cdn.nintendo.net/15ee0loi7kf30_normal_face.png	Mr. Caboor
pukutaro630	http://mii-images.cdn.nintendo.net/2o86ermsryzx_normal_face.png	ぷくたろう
alesito123	http://mii-images.cdn.nintendo.net/1lzy6rkzi50vp_normal_face.png	sherlyn
alexhorta815	http://mii-images.cdn.nintendo.net/n1fq30448zix_normal_face.png	Alex
a-r-l-y.s	http://mii-images.cdn.nintendo.net/1lmpo3ef4pw63_normal_face.png	りく
unicornssmasher	http://mii-images.cdn.nintendo.net/32cjdothyibf1_normal_face.png	Luigi
Black60Dragon	http://mii-images.cdn.nintendo.net/q36bk3kwubrl_normal_face.png	BlackDraco
ibuki.a-0818	http://mii-images.cdn.nintendo.net/1rbjq36xwwk2v_normal_face.png	いぶき
karisuma007	http://mii-images.cdn.nintendo.net/351k5y8v2qqzm_normal_face.png	キッカム
uiui39	http://mii-images.cdn.nintendo.net/2mh0yrbink9h8_normal_face.png	ZYX:しょうとら
taromaru01	http://mii-images.cdn.nintendo.net/2tcrofs9c89y3_normal_face.png	かんじ
TyCWill	http://mii-images.cdn.nintendo.net/28k6zhcllvh8v_normal_face.png	Ty
cha-boumaru	http://mii-images.cdn.nintendo.net/3lrktw0sv57ht_normal_face.png	くつした
akuma159357	http://mii-images.cdn.nintendo.net/cdz8prnfz7t4_normal_face.png	あくま
Jaco086c	http://mii-images.cdn.nintendo.net/v3fruq6v5cva_normal_face.png	Jacob
sotariku8602	http://mii-images.cdn.nintendo.net/3bc5ppk83fyhm_normal_face.png	あおりいかせんぱい
Kyyrr19838	http://mii-images.cdn.nintendo.net/3hd43v5d2d2r2_normal_face.png	りゅうき
oratti123	http://mii-images.cdn.nintendo.net/hxjmbaoochu1_normal_face.png	ゆう
akira1002000	http://mii-images.cdn.nintendo.net/1ewgcp156edqu_normal_face.png	ないと
taiki1709	http://mii-images.cdn.nintendo.net/1eoslobr0c8kq_normal_face.png	L
aklko1014	http://mii-images.cdn.nintendo.net/16oi7nx96pdny_normal_face.png	かんた
kamikei	http://mii-images.cdn.nintendo.net/2d3vnnx8xgxd9_normal_face.png	k
miguelangelzr	http://mii-images.cdn.nintendo.net/2wphuvxe16jhj_normal_face.png	gameryoshi
ghooks04	http://mii-images.cdn.nintendo.net/107f3tc6hilm_normal_face.png	Chara
mirakuru19	http://mii-images.cdn.nintendo.net/df6kaurj8ro2_normal_face.png	たつくん
hatahaya2000	http://mii-images.cdn.nintendo.net/3mkh7uj9bmdbg_normal_face.png	ひまじん
favrel28	http://mii-images.cdn.nintendo.net/1qlg6jdlysdrx_normal_face.png	Favrel
DarkWolfX12125	http://mii-images.cdn.nintendo.net/3qv0leudtf2wk_normal_face.png	Bernardo
katou35	http://mii-images.cdn.nintendo.net/2lfoiycdtbeae_normal_face.png	ひっか
HASE-0120	http://mii-images.cdn.nintendo.net/3fq89v8ix89f1_normal_face.png	ボーリングのたま
LittleTyke	http://mii-images.cdn.nintendo.net/asxp73porvp_normal_face.png	Tyler
E_master76	http://mii-images.cdn.nintendo.net/u79x6mfw7tjd_normal_face.png	Eli
corconlex	http://mii-images.cdn.nintendo.net/2wevtedg32p3_normal_face.png	connor
vitorotavio	http://mii-images.cdn.nintendo.net/1nws7apfdtujh_normal_face.png	Tavão
Alef_Nascimento	http://mii-images.cdn.nintendo.net/1pl6lfkcwbeoo_normal_face.png	Alef_B_N
Mario-Mike04	http://mii-images.cdn.nintendo.net/31qmtjsh7clyl_normal_face.png	Michael
CronusNexus	http://mii-images.cdn.nintendo.net/1sjrau7zryizq_normal_face.png	Waverunner
kmkkhn-g	http://mii-images.cdn.nintendo.net/1bbrs5f3lcz98_normal_face.png	さな
ominiverse	http://mii-images.cdn.nintendo.net/iiynvgnprxgb_normal_face.png	lucas
Pupazzi	http://mii-images.cdn.nintendo.net/1fm4qrkpurqi9_normal_face.png	Alessandro
ponpon1011pon	http://mii-images.cdn.nintendo.net/12pv169zu4b7g_normal_face.png	フォレスト
hythrt_10	http://mii-images.cdn.nintendo.net/1dsp9f6gx9ph5_normal_face.png	はやと
FluffyPaws23	http://mii-images.cdn.nintendo.net/1sipn82hj12y2_normal_face.png	Zoey
Brainny	http://mii-images.cdn.nintendo.net/334hbwefu7qof_normal_face.png	Dejvan
n072400	http://mii-images.cdn.nintendo.net/2epxbzfetf178_normal_face.png	りゅうしん
kiratowa1113	http://mii-images.cdn.nintendo.net/1d5yut2684u87_normal_face.png	きらと
jonjonboy1	http://mii-images.cdn.nintendo.net/2mfchkjqp3uw7_normal_face.png	Jonathan
Ethunboo	http://mii-images.cdn.nintendo.net/7s3fohqqd7l1_normal_face.png	Ethunboo
Unlabled	http://mii-images.cdn.nintendo.net/tqfprxt8jmco_normal_face.png	Mikal
strongmind19	http://mii-images.cdn.nintendo.net/2rs73earxuw17_normal_face.png	kristelle
Dofasdaj	http://mii-images.cdn.nintendo.net/1dpyrzmgzjh08_normal_face.png	Kinder
creamy_cake_1000	http://mii-images.cdn.nintendo.net/15yjmun3re5nw_normal_face.png	Крутой
Davi0s	http://mii-images.cdn.nintendo.net/3m0zsfhp19ay8_normal_face.png	Davios
Emilia0707	http://mii-images.cdn.nintendo.net/2cgo3b6emm5rg_normal_face.png	Emmalee~
Liguanan	http://mii-images.cdn.nintendo.net/2n17ntx13lqnk_normal_face.png	Ray
taichi0406	http://mii-images.cdn.nintendo.net/3al11v9wqdjra_normal_face.png	こうき
kouyukitomo	http://mii-images.cdn.nintendo.net/1jejf11gy2lh6_normal_face.png	K0U
eripoko77	http://mii-images.cdn.nintendo.net/15yub9u3vizy2_normal_face.png	†Pоиo☆ポノォ†
Mestre_Yoshi	http://mii-images.cdn.nintendo.net/16itshhjnz09d_normal_face.png	William
viarmot	http://mii-images.cdn.nintendo.net/axz879svjy9i_normal_face.png	victor
angelito_moi26	http://mii-images.cdn.nintendo.net/31lesnahnoc9v_normal_face.png	ANGELITO
CaptainToad4444	http://mii-images.cdn.nintendo.net/1nvld54q4s9mg_normal_face.png	Pietro64YT
Thunder8966	http://mii-images.cdn.nintendo.net/3ggb6rf2gur4p_normal_face.png	Firebolt
Jacobgz2002	http://mii-images.cdn.nintendo.net/3al35rl8bwik8_normal_face.png	jacobis
tatiana1201	http://mii-images.cdn.nintendo.net/2gnortovu9ieq_normal_face.png	chino2
jonamai	http://mii-images.cdn.nintendo.net/19htdghxdny37_normal_face.png	quentin
D0RIAN1996	http://mii-images.cdn.nintendo.net/125clxiewmbta_normal_face.png	Dorian
elfballer	http://mii-images.cdn.nintendo.net/2ka2iwyalkbiu_normal_face.png	elfballer
joeltaino	http://mii-images.cdn.nintendo.net/qq3e9mdcj4it_normal_face.png	jt
r.t.k.papa	http://mii-images.cdn.nintendo.net/ee4vxawil4d_normal_face.png	RTK
finialfie	http://mii-images.cdn.nintendo.net/2sv9dybup52qb_normal_face.png	finialfie
starwars11121	http://mii-images.cdn.nintendo.net/1yyjfu2g5fsyb_normal_face.png	ADAM
Maxiflubbi	http://mii-images.cdn.nintendo.net/2k5keu3qcb2pa_normal_face.png	LINK
yasmedice	http://mii-images.cdn.nintendo.net/3cpn7f8uz88ry_normal_face.png	Mim
upsettingwaif40	http://mii-images.cdn.nintendo.net/ofknl6uqrh1_normal_face.png	NJK
HIROHIROHIROPPI	http://mii-images.cdn.nintendo.net/oi323zr1aacy_normal_face.png	～~кõñвū~～
TaKoyAki1327	http://mii-images.cdn.nintendo.net/3hz4wlk7tgj24_normal_face.png	「  」
macoto1975	http://mii-images.cdn.nintendo.net/2kh4rpte5qed9_normal_face.png	2B
demonhunter47223	http://mii-images.cdn.nintendo.net/2wz51xlyaeyws_normal_face.png	trivium
thelyingkid	http://mii-images.cdn.nintendo.net/3yzskdkospki_normal_face.png	oscar2
geertvervoort68m	http://mii-images.cdn.nintendo.net/31bxhdplldsdb_normal_face.png	elias
Itsyaboijole	http://mii-images.cdn.nintendo.net/399bus7vabpbs_normal_face.png	Hevchki
PALSER-GTIR	http://mii-images.cdn.nintendo.net/38bvs75be4qmz_normal_face.png	だいき
nahil18	http://mii-images.cdn.nintendo.net/2smzkkie0uujt_normal_face.png	Nahil
Mario_Mapache200	http://mii-images.cdn.nintendo.net/176x058h5n9f5_normal_face.png	Kevin
portugueses000	http://mii-images.cdn.nintendo.net/1hzz3obrsxadg_normal_face.png	umbreon
CupOfDaniel	http://mii-images.cdn.nintendo.net/2ac7v2gs3gx9t_normal_face.png	Rocky
KARINSEIKAI	http://mii-images.cdn.nintendo.net/2jt5ouy2uevyk_normal_face.png	あいうえおかきくけこ
shimonura	http://mii-images.cdn.nintendo.net/22w4o3nvhpy9x_normal_face.png	ぱぱ
Nintengeek36	http://mii-images.cdn.nintendo.net/xm5qao0o28j5_normal_face.png	mat
Lionel64800	http://mii-images.cdn.nintendo.net/txzwif9hdzeq_normal_face.png	Lionel
jcast2809	http://mii-images.cdn.nintendo.net/yatpz2ntwyhy_normal_face.png	picudin
yodakii.111	http://mii-images.cdn.nintendo.net/mhljkx567ij7_normal_face.png	アツモリ
knb6188	http://mii-images.cdn.nintendo.net/itpv516cwbwf_normal_face.png	ぶーたろ
mariomason06	http://mii-images.cdn.nintendo.net/gpdzu0zaf09y_normal_face.png	mason
tranicapitale	http://mii-images.cdn.nintendo.net/y0v3mrem55sh_normal_face.png	crystal
strummerf	http://mii-images.cdn.nintendo.net/11bq9hlj4hw3a_normal_face.png	strummer
POPPABEAR15	http://mii-images.cdn.nintendo.net/idbo5q2rcdy5_normal_face.png	Elijah
Mgamer762	http://mii-images.cdn.nintendo.net/wkzcrz8032nt_normal_face.png	marcel ps
kiyomasa1126	http://mii-images.cdn.nintendo.net/2kwxc3wzfe4xf_normal_face.png	きよまさ
paulinaescobarl	http://mii-images.cdn.nintendo.net/2lufzh447vke1_normal_face.png	Domingo
PikachuPlayer900	http://mii-images.cdn.nintendo.net/ti6q5w4mjyow_normal_face.png	Evil tubby
Endertex	http://mii-images.cdn.nintendo.net/1ec33tg7kbwcc_normal_face.png	eAzy
mavage	http://mii-images.cdn.nintendo.net/10889tlj5w7hi_normal_face.png	teizo
Conducteur59220	http://mii-images.cdn.nintendo.net/3j9dhon5qevy4_normal_face.png	Patrice
JoseEmilioPina	http://mii-images.cdn.nintendo.net/1xxg7etf7s90a_normal_face.png	JoseEmilio
2007_martim	http://mii-images.cdn.nintendo.net/25r4r2622ce8q_normal_face.png	gouveia
laurianne3774	http://mii-images.cdn.nintendo.net/3pkj21bd6t8g1_normal_face.png	Laurianne
kei.hatano	http://mii-images.cdn.nintendo.net/1t35o1id7rg4r_normal_face.png	けいと
gabrielkomljan	http://mii-images.cdn.nintendo.net/ksrloaukre7t_normal_face.png	biel
supermom7	http://mii-images.cdn.nintendo.net/1tzp5eojsvoit_normal_face.png	MIKE
CHARGERTHEWOLF	http://mii-images.cdn.nintendo.net/a6r85zybm8pi_normal_face.png	Charger
mitsu2410	http://mii-images.cdn.nintendo.net/1ukekw6hjlkzw_normal_face.png	ミーツー
PinkGrimcrafter0	http://mii-images.cdn.nintendo.net/1it7w4mn7567_normal_face.png	C.Grimcraf
gs7lq1pj	http://mii-images.cdn.nintendo.net/39654xigqchz7_normal_face.png	ゆい
Super-Sonic-wiiu	http://mii-images.cdn.nintendo.net/306t775kdvms_normal_face.png	levi
sakuraran108	http://mii-images.cdn.nintendo.net/2h9nrn8hg29z2_normal_face.png	れんれん
bjflemming	http://mii-images.cdn.nintendo.net/2u9oo7no2x1hf_normal_face.png	bernie
DEEBOY00	http://mii-images.cdn.nintendo.net/3ip2knmh8sp5a_normal_face.png	Alysse
simonswipe	http://mii-images.cdn.nintendo.net/31g8c39s3wkiy_normal_face.png	bdog
EduardoSalinas1	http://mii-images.cdn.nintendo.net/1wofyz5v61d2d_normal_face.png	LEOTS DIOS
jin-niko	http://mii-images.cdn.nintendo.net/2e4ksd1kua8zp_normal_face.png	じんいちろう
taiyou.s1030	http://mii-images.cdn.nintendo.net/8l9tccbre95g_normal_face.png	ぶちころぶちころあ.
teppiteppi161321	http://mii-images.cdn.nintendo.net/3gh1s6ghg4kzv_normal_face.png	1コメさん
Sebou_79	http://mii-images.cdn.nintendo.net/2id9l007q9nol_normal_face.png	sebastien
masashige0821	http://mii-images.cdn.nintendo.net/13dpwpq9xuo2l_normal_face.png	まーくん
Carlitos0800	http://mii-images.cdn.nintendo.net/37jpcl0m5mxj5_normal_face.png	Carlos
meteoro2006	http://mii-images.cdn.nintendo.net/27ivl0s1mk2l6_normal_face.png	raix
Jubehnka	http://mii-images.cdn.nintendo.net/3877prpl7lida_normal_face.png	Dad
santaboom2004	http://mii-images.cdn.nintendo.net/1omiiioh2qf4f_normal_face.png	Guille
Megantron6	http://mii-images.cdn.nintendo.net/1snsuxvxg74r9_normal_face.png	mjkk
marcelodosjogos	http://mii-images.cdn.nintendo.net/2oa6eg5itivku_normal_face.png	emmanuel
tankmaster1991	http://mii-images.cdn.nintendo.net/3qmgz8b87dgh6_normal_face.png	Konata
xanderin27	http://mii-images.cdn.nintendo.net/whbdmffs46gf_normal_face.png	xander
238fumiyaman	http://mii-images.cdn.nintendo.net/20agzu0amc8i7_normal_face.png	#BFF
hiroshi9438	http://mii-images.cdn.nintendo.net/4odem2tlhff_normal_face.png	こまち(#´∀`#)
xakromthefox	http://mii-images.cdn.nintendo.net/w6j5g1ub0ep2_normal_face.png	Xakrom
Jerikob	http://mii-images.cdn.nintendo.net/2kegm3iu7lfh1_normal_face.png	Jerikob
morimorihiro	http://mii-images.cdn.nintendo.net/2iztvil9hz1cv_normal_face.png	みゆ
cloneplex	http://mii-images.cdn.nintendo.net/235e7qop9yvb2_normal_face.png	CLONE
soutashuuta	http://mii-images.cdn.nintendo.net/1bxz3spubcpsl_normal_face.png	そうた
jhonjesus	http://mii-images.cdn.nintendo.net/1hamxutcaur03_normal_face.png	violetta
Caro2075	http://mii-images.cdn.nintendo.net/1fill2v74gw3s_normal_face.png	かるま
eisho7006	http://mii-images.cdn.nintendo.net/3n3iutcnccnev_normal_face.png	えいしょ
momosaki1979	http://mii-images.cdn.nintendo.net/1thpovy8rju0r_normal_face.png	ひろと
SORA-KABO	http://mii-images.cdn.nintendo.net/1c488m3jnu8z0_normal_face.png	かおり
Deity666	http://mii-images.cdn.nintendo.net/ih8oiit8w2cs_normal_face.png	Deity
MF-PRINCESS	http://mii-images.cdn.nintendo.net/bme605hp4fre_normal_face.png	*LN*
guilherme2007	http://mii-images.cdn.nintendo.net/1dc6quovyjj0u_normal_face.png	guilherme
Marioghost8	http://mii-images.cdn.nintendo.net/hfs7ajdbvkwd_normal_face.png	plumber
aureliamerg	http://mii-images.cdn.nintendo.net/qkvtmctudczo_normal_face.png	aurelia
ldn2005	http://mii-images.cdn.nintendo.net/3hq0uwbwq8awh_normal_face.png	Lele
muellner1988	http://mii-images.cdn.nintendo.net/qy57uipyzbdm_normal_face.png	lukas
laurigula	http://mii-images.cdn.nintendo.net/dm7k6l6ebsq8_normal_face.png	laurigula
XelonGamerYT	http://mii-images.cdn.nintendo.net/1lgfhjr76utei_normal_face.png	XelonGamer
CainL2007	http://mii-images.cdn.nintendo.net/18krii2rsm1g9_normal_face.png	Cain
johnnybravo611	http://mii-images.cdn.nintendo.net/2pqrrvde2odij_normal_face.png	Johnny
BabyPanda4679	http://mii-images.cdn.nintendo.net/2his0dd0fg1t8_normal_face.png	BabyPanda
KUSANAGI57227	http://mii-images.cdn.nintendo.net/3i8qnaeep3sw5_normal_face.png	ひっと
0707kei	http://mii-images.cdn.nintendo.net/2maldcn5vbrx6_normal_face.png	けいこ
nam215	http://mii-images.cdn.nintendo.net/lrjwkt3hzrnt_normal_face.png	あっくん
9mitsu16	http://mii-images.cdn.nintendo.net/6o6zuaahm6gy_normal_face.png	みつ
inocandy	http://mii-images.cdn.nintendo.net/v82b8u9ptxuc_normal_face.png	inocandy
maira78	http://mii-images.cdn.nintendo.net/3gr0kfkof1gsr_normal_face.png	lucas2006
dellbox2	http://mii-images.cdn.nintendo.net/1pj47x5h4f36d_normal_face.png	タカ2
maleflat	http://mii-images.cdn.nintendo.net/9ifcar73qv0o_normal_face.png	オムライス
komachanekubo	http://mii-images.cdn.nintendo.net/3camozzp4z4yi_normal_face.png	こうた
PuggHolz	http://mii-images.cdn.nintendo.net/23ydeg1fedqq2_normal_face.png	Chase
haruharu2008nen	http://mii-images.cdn.nintendo.net/1g6euhsnr0a1k_normal_face.png	はると
ShinyEevee42	http://mii-images.cdn.nintendo.net/2lykj9otlp4pu_normal_face.png	ShinyEevee
WUP-300	http://mii-images.cdn.nintendo.net/2lje9nmkvwe0f_normal_face.png	James 
jeo2010	http://mii-images.cdn.nintendo.net/3iz620pte08uq_normal_face.png	jeo
edmlife14	http://mii-images.cdn.nintendo.net/2h6tsyimjsse4_normal_face.png	Liam
h.kiichiro	http://mii-images.cdn.nintendo.net/3dh5onsx5etvs_normal_face.png	きいちろう
finestfamily	http://mii-images.cdn.nintendo.net/utdnn2xp7hrl_normal_face.png	ズームイン
suzu84hisa422	http://mii-images.cdn.nintendo.net/5dcg21byvwft_normal_face.png	ひろ
gdogawesome	http://mii-images.cdn.nintendo.net/6v2iimj7r381_normal_face.png	Claire :)
icedavis	http://mii-images.cdn.nintendo.net/2ux4qqd3o7xz7_normal_face.png	GEORGE
Boaxander	http://mii-images.cdn.nintendo.net/12v1s2kww726d_normal_face.png	Bobby
happy-life.5353	http://mii-images.cdn.nintendo.net/3bnrttq3htnlj_normal_face.png	【ņöà】
joao_vitor_nrv	http://mii-images.cdn.nintendo.net/zg2meyat2abi_normal_face.png	joao
DiegoFunny	http://mii-images.cdn.nintendo.net/334tcz7f37lsl_normal_face.png	Peter
nanapaparandy	http://mii-images.cdn.nintendo.net/2bfonq3hrftqj_normal_face.png	ramdy.c
Pelita08	http://mii-images.cdn.nintendo.net/j3mtipra7v11_normal_face.png	Pelita
BoxyLight281	http://mii-images.cdn.nintendo.net/1xvh2dgx5pg53_normal_face.png	jrx15
Hallwiinetwork	http://mii-images.cdn.nintendo.net/g4zv24ekmdw7_normal_face.png	James
daniwojcik	http://mii-images.cdn.nintendo.net/3ddkwk037dp8o_normal_face.png	iiwii
umbelina	http://mii-images.cdn.nintendo.net/1ecuzojq9orq0_normal_face.png	Gigi Cravo
masatakuharuaka	http://mii-images.cdn.nintendo.net/xondp4wyvngq_normal_face.png	たくみ
pseudohaiku	http://mii-images.cdn.nintendo.net/h5lhxp2beam5_normal_face.png	nurvss
errtyvc	http://mii-images.cdn.nintendo.net/39g4ho7ub2vng_normal_face.png	ゆうご
Theponchi-pop	http://mii-images.cdn.nintendo.net/2x04tqa6b7899_normal_face.png	alfonso
Yositugu4423	http://mii-images.cdn.nintendo.net/35cfsf6i4sz49_normal_face.png	ヨッシー
Thiagoyumura	http://mii-images.cdn.nintendo.net/3rs0384bxe6h2_normal_face.png	THA.THI
AYUSUKE102	http://mii-images.cdn.nintendo.net/1qitua518klbh_normal_face.png	とも
yskwkyk	http://mii-images.cdn.nintendo.net/abzhs6l9aw34_normal_face.png	グール.KY
sirclassy	http://mii-images.cdn.nintendo.net/382nb3xephf10_normal_face.png	Lasercorn
IKE0807	http://mii-images.cdn.nintendo.net/fla66ns4o71w_normal_face.png	オオカミ
brice2.0kds	http://mii-images.cdn.nintendo.net/3nypz8t7uq5rj_normal_face.png	Brice
kana-kanappi	http://mii-images.cdn.nintendo.net/dn13dk4vumdk_normal_face.png	かなと
FredWrex	http://mii-images.cdn.nintendo.net/2er1b18gwpqhe_normal_face.png	random man
FozenForest	http://mii-images.cdn.nintendo.net/2exgqwv5jmxll_normal_face.png	luke
rebartlett	http://mii-images.cdn.nintendo.net/2zbfmkuxyupzp_normal_face.png	Rick
asqweoncbmldvzxi	http://mii-images.cdn.nintendo.net/1174of1ke6cn2_normal_face.png	ゆうが
millerfam11	http://mii-images.cdn.nintendo.net/2fqdazwmi7e24_normal_face.png	evan
D0MVADER	http://mii-images.cdn.nintendo.net/2x6svey8ckunh_normal_face.png	Dominic
vicentex3110	http://mii-images.cdn.nintendo.net/1t5xmxn8dzwee_normal_face.png	vicente
bmhasher	http://mii-images.cdn.nintendo.net/2grqe1ywhrpcv_normal_face.png	Luke
SuperSBB14	http://mii-images.cdn.nintendo.net/2d65vqjml0fc6_normal_face.png	LuisE242
spiderdiegoman	http://mii-images.cdn.nintendo.net/ar7sk612yw6_normal_face.png	diegales
axel_ramirz	http://mii-images.cdn.nintendo.net/3lzllfr7z5lup_normal_face.png	pollito
alansito18	http://mii-images.cdn.nintendo.net/21qzs7vpfxbhy_normal_face.png	alansito
PuppetBull	http://mii-images.cdn.nintendo.net/193ruswk2rvoj_normal_face.png	JuanR
amishman23	http://mii-images.cdn.nintendo.net/ecs4rhvyffbc_normal_face.png	PlatyGames
alohi0320	http://mii-images.cdn.nintendo.net/t55t563yd88h_normal_face.png	lizerd leg
HandsomeGuy1983	http://mii-images.cdn.nintendo.net/3p3mh61dlqrfy_normal_face.png	Spielberg
Gravejigga	http://mii-images.cdn.nintendo.net/1pxwflzdixm5v_normal_face.png	Gravejigga
basuke.mth	http://mii-images.cdn.nintendo.net/2srw0okj2f10i_normal_face.png	　
oosakamiyako	http://mii-images.cdn.nintendo.net/269310eawnxas_normal_face.png	DarthVader
granmencey	http://mii-images.cdn.nintendo.net/2n8wjlhzzr9v_normal_face.png	Luis
ae86redtreno	http://mii-images.cdn.nintendo.net/hdvv93i0tv88_normal_face.png	しょうじ
monkeyman1999	http://mii-images.cdn.nintendo.net/3ugd332td39nc_normal_face.png	Bobby
sughdude	http://mii-images.cdn.nintendo.net/n2fhaqvxx7u6_normal_face.png	TerraDude
hagen2277	http://mii-images.cdn.nintendo.net/bpsmwluugi3l_normal_face.png	Sunshine
itsxsamm	http://mii-images.cdn.nintendo.net/n5gbtfve9ew4_normal_face.png	someone
13juanan	http://mii-images.cdn.nintendo.net/24z8inu8auchi_normal_face.png	Juan
dimitreeey	http://mii-images.cdn.nintendo.net/2vw7t3pgxuyoa_normal_face.png	jp
NNID.Dougherty	http://mii-images.cdn.nintendo.net/3vwoy077s2v20_normal_face.png	Cole
hakko1185	http://mii-images.cdn.nintendo.net/3o1gpc61wsgvc_normal_face.png	もやし
brandon1960	http://mii-images.cdn.nintendo.net/3ey21evcqmlrq_normal_face.png	brandman
ParkerT07	http://mii-images.cdn.nintendo.net/2901rioneg0d7_normal_face.png	PARKER
owenland	http://mii-images.cdn.nintendo.net/u51z069vc8sm_normal_face.png	Obot
danigaralaimo	http://mii-images.cdn.nintendo.net/on7vh394z0n0_normal_face.png	Dani
ebetharoo	http://mii-images.cdn.nintendo.net/1p9900fxzi3n2_normal_face.png	Beth
mhdid12	http://mii-images.cdn.nintendo.net/22d03i5o8toes_normal_face.png	juan jose
mako752318	http://mii-images.cdn.nintendo.net/201pbkilmmh74_normal_face.png	maa
bowser.scott	http://mii-images.cdn.nintendo.net/1lf22asfd2hx7_normal_face.png	channing
xMUFFYx	http://mii-images.cdn.nintendo.net/1udlkn1vm71pr_normal_face.png	Muffy
Davemshow96	http://mii-images.cdn.nintendo.net/26gca9eaoerb2_normal_face.png	dave
Iron_Dashiell	http://mii-images.cdn.nintendo.net/iorcx7xbmq5u_normal_face.png	Dash
CAPdabest1	http://mii-images.cdn.nintendo.net/21jyypxn5sluy_normal_face.png	esequiel
TicoTecoTaco	http://mii-images.cdn.nintendo.net/110fh4p07x9if_normal_face.png	Csillag
alanwolf	http://mii-images.cdn.nintendo.net/1ic0a7kq456re_normal_face.png	Alan
mrjipvh	http://mii-images.cdn.nintendo.net/23kjdmt4ckbox_normal_face.png	Jipvh
nayuta1206	http://mii-images.cdn.nintendo.net/2huzta7xekc00_normal_face.png	スーパーソウル
tokiai1213	http://mii-images.cdn.nintendo.net/7jaz1j5yyagv_normal_face.png	ときや
shadygrove	http://mii-images.cdn.nintendo.net/1ml5x3ij4lk5l_normal_face.png	bigeye
hidariihide	http://mii-images.cdn.nintendo.net/2r8fh6dbl5i3k_normal_face.png	【ひでちゃん】®
jjoymac	http://mii-images.cdn.nintendo.net/3elmvq1dw6mq6_normal_face.png	mac
ferni13	http://mii-images.cdn.nintendo.net/336hvs25q6uol_normal_face.png	ferni
Amilcar2016	http://mii-images.cdn.nintendo.net/1b7feyopr5hc5_normal_face.png	AmlcarTmmy
yoppi-105	http://mii-images.cdn.nintendo.net/2dpi6q8tgn7gr_normal_face.png	よしひろ
itabashinosora	http://mii-images.cdn.nintendo.net/22lggmxvtn97v_normal_face.png	あーはい、えーはい、
rabbit.12stars	http://mii-images.cdn.nintendo.net/2zuew35s98p4i_normal_face.png	ぱぱ
gotenks13	http://mii-images.cdn.nintendo.net/112vufb1z86s1_normal_face.png	Ivan
ryo063	http://mii-images.cdn.nintendo.net/24zfws1tzpqdl_normal_face.png	RYO
Johan3110	http://mii-images.cdn.nintendo.net/3o4w9c8tf1phx_normal_face.png	Johan
SU0828	http://mii-images.cdn.nintendo.net/3tn9i4acwrih6_normal_face.png	アシュリー
Pooh9403	http://mii-images.cdn.nintendo.net/z1ci50t41jd0_normal_face.png	ナガ
uehr4649	http://mii-images.cdn.nintendo.net/1nbeee22lig4m_normal_face.png	おたイカ
Rhadek	http://mii-images.cdn.nintendo.net/irn1jsmwpjlw_normal_face.png	Rhade
Tweekman	http://mii-images.cdn.nintendo.net/1l5rb6si1a0qf_normal_face.png	GE☆Leo
lukengl	http://mii-images.cdn.nintendo.net/2mkfi98tfr36y_normal_face.png	Luciano
Sendar21	http://mii-images.cdn.nintendo.net/3huyhh3388ycp_normal_face.png	Sendar
MaxLary	http://mii-images.cdn.nintendo.net/36ic39212j13b_normal_face.png	Yudi
SupremeToaster	http://mii-images.cdn.nintendo.net/18d6wou46iql2_normal_face.png	Sal
eimeej	http://mii-images.cdn.nintendo.net/31rhcb833kjyw_normal_face.png	はな
JulioMega	http://mii-images.cdn.nintendo.net/245b6imv1yz2h_normal_face.png	JulioMegax
Meghabert	http://mii-images.cdn.nintendo.net/23wb357wydjtu_normal_face.png	Salt Lake
JadedGamer	http://mii-images.cdn.nintendo.net/p4aedgxhn1eb_normal_face.png	Samuraian
PrinceArcturus	http://mii-images.cdn.nintendo.net/r8e5ucv1eadb_normal_face.png	Kelly
Retrollplay	http://mii-images.cdn.nintendo.net/3nparier03qf_normal_face.png	Randy◆SBP◆
TehDantay	http://mii-images.cdn.nintendo.net/36dpkx3tvh4sb_normal_face.png	Dantay
hatchmaster	http://mii-images.cdn.nintendo.net/139szi26f27q6_normal_face.png	Hatch
DURACELL25849	http://mii-images.cdn.nintendo.net/1my1vi4m48dxu_normal_face.png	Rafael
MinhaMaeebonita9	http://mii-images.cdn.nintendo.net/2ylbttx1vltt7_normal_face.png	Isaque
Lingpling	http://mii-images.cdn.nintendo.net/22a66xk4wo297_normal_face.png	Lingpling
iortiz84	http://mii-images.cdn.nintendo.net/49ijndses7l0_normal_face.png	daniel
yohsuke1977	http://mii-images.cdn.nintendo.net/t2rubipffv1s_normal_face.png	あかね
HotSuace	http://mii-images.cdn.nintendo.net/1d0u0n27wioji_normal_face.png	Nuggets
PIGGY.LOQUENDERO	http://mii-images.cdn.nintendo.net/1xhj3qk7suvu8_normal_face.png	francisco
brayer.souza	http://mii-images.cdn.nintendo.net/jqxzj9c0o3jc_normal_face.png	Brayer
donkeykongrules	http://mii-images.cdn.nintendo.net/23b0o4ho57suw_normal_face.png	Hannah
HailSatan.com	http://mii-images.cdn.nintendo.net/154b7h6m94qtk_normal_face.png	homosapion
woodbottle	http://mii-images.cdn.nintendo.net/o6jkqlu43h0z_normal_face.png	WoodBottle
jeanbatman59700	http://mii-images.cdn.nintendo.net/2alouu5imjoet_normal_face.png	jeanbatman
mottomp	http://mii-images.cdn.nintendo.net/4anwrwbo8cx0_normal_face.png	Feschwuddl
RubikSolver1028	http://mii-images.cdn.nintendo.net/4obfcy3wn06d_normal_face.png	SoundGuy
Benjamin.A2005	http://mii-images.cdn.nintendo.net/2732p9yt5eeok_normal_face.png	Benjamin
MechaGazelle	http://mii-images.cdn.nintendo.net/2vi56olsrzt2o_normal_face.png	Shawn
Jakebailey	http://mii-images.cdn.nintendo.net/172z8z9yuc0yv_normal_face.png	ρгσ☆Jαкε♂♪
1splee16	http://mii-images.cdn.nintendo.net/30detjwba9ce6_normal_face.png	Grant
pablomontielreis	http://mii-images.cdn.nintendo.net/59lcw9268ypv_normal_face.png	binho
Zizzyboy	http://mii-images.cdn.nintendo.net/1f9rskictc1o3_normal_face.png	Zizzy boy.
makoto-ryouhei	http://mii-images.cdn.nintendo.net/woabat4w1ups_normal_face.png	Rh15Z
Unaveragej0e	http://mii-images.cdn.nintendo.net/1q4zt2h97jn8o_normal_face.png	Adam69
vancey2k15	http://mii-images.cdn.nintendo.net/3771vj0revufk_normal_face.png	Chris
asahimama0629	http://mii-images.cdn.nintendo.net/1pjct4h81pwkl_normal_face.png	あさひ
Joey_Liverwurst	http://mii-images.cdn.nintendo.net/7p49aslq6k37_normal_face.png	Liverwurst
isaaactorres	http://mii-images.cdn.nintendo.net/1cv39i39zrm5g_normal_face.png	Isaac♪
ThirdMan333	http://mii-images.cdn.nintendo.net/1k3gvxqpkecy9_normal_face.png	ThirdMan
SIZUE4	http://mii-images.cdn.nintendo.net/kebbe9g30l52_normal_face.png	おれきんぐ
Pokes_WiiU	http://mii-images.cdn.nintendo.net/32das5gzqbc6_normal_face.png	Aaron
IsaacRay2010	http://mii-images.cdn.nintendo.net/pfpisymlcdlf_normal_face.png	Ray
takaaki.s.169.58	http://mii-images.cdn.nintendo.net/1wdtw985kamc5_normal_face.png	ヘンリー
88mugendai88	http://mii-images.cdn.nintendo.net/qln8za6natnp_normal_face.png	かつどん
soutayasu	http://mii-images.cdn.nintendo.net/ng7lx24bzbk7_normal_face.png	そうた
Sandeep109	http://mii-images.cdn.nintendo.net/20770lace4dow_normal_face.png	Sandeep
RYOUGA705	http://mii-images.cdn.nintendo.net/1bdvpkew4ozbd_normal_face.png	リョウガ
msknsm0405	http://mii-images.cdn.nintendo.net/517505osvdxf_normal_face.png	かつあき
shimidos32	http://mii-images.cdn.nintendo.net/3qe4gqe56xa9w_normal_face.png	Sherbert
juvedp10	http://mii-images.cdn.nintendo.net/3dgktjm3lvyox_normal_face.png	cristiano
moja22	http://mii-images.cdn.nintendo.net/jtq1evcri3i5_normal_face.png	あつひと
Shadowmugged	http://mii-images.cdn.nintendo.net/23hx6rd7ctczj_normal_face.png	snep
5Suketaberu	http://mii-images.cdn.nintendo.net/huert6si2n5q_normal_face.png	ゆっくん
wish7041siro	http://mii-images.cdn.nintendo.net/32w0ryzeva0ic_normal_face.png	Hela,Dゼノ
Kastrup1983	http://mii-images.cdn.nintendo.net/8q8whr0pvvb1_normal_face.png	Kastrup
sukedai-joho	http://mii-images.cdn.nintendo.net/37a65lx81rxs7_normal_face.png	だいちゃん
pajarita114	http://mii-images.cdn.nintendo.net/3a323bvc9pvpz_normal_face.png	Bri
SUPERSONIC.VELOZ	http://mii-images.cdn.nintendo.net/ru2umyygv515_normal_face.png	HECTOR
haru.nigiri	http://mii-images.cdn.nintendo.net/eibgbljad6nq_normal_face.png	harunigiri
YATARO_i	http://mii-images.cdn.nintendo.net/2kvsirug20jo5_normal_face.png	やたろう
youcoon	http://mii-images.cdn.nintendo.net/2tmujr8vokoo6_normal_face.png	ゆう
ayako6338	http://mii-images.cdn.nintendo.net/27ndkiyffyolu_normal_face.png	まこりん
kaikai712	http://mii-images.cdn.nintendo.net/3ns404yi0php5_normal_face.png	かいと
OOMORIAGATA	http://mii-images.cdn.nintendo.net/xba046vq9km6_normal_face.png	まさし
stb81fdy6vdf5sv7	http://mii-images.cdn.nintendo.net/1pctp1y5pyk19_normal_face.png	。。。。。。。。。。
sgk0228	http://mii-images.cdn.nintendo.net/377p8pkh2b6w5_normal_face.png	sgk
Wisperinglisper	http://mii-images.cdn.nintendo.net/15f3m2y3upp2k_normal_face.png	Wisplisp
386594	http://mii-images.cdn.nintendo.net/2y48qsljl1z23_normal_face.png	βόόдϊё
gabrielmario	http://mii-images.cdn.nintendo.net/33dizl9qxlo1m_normal_face.png	Gabriel
Nebelus	http://mii-images.cdn.nintendo.net/2x4ik028l7p3i_normal_face.png	Jesse
rikumalio0077	http://mii-images.cdn.nintendo.net/2yod49h0sk0mu_normal_face.png	KURI♪くり!！！
eric.8	http://mii-images.cdn.nintendo.net/1uovd86ema96c_normal_face.png	cuco
take0106n46	http://mii-images.cdn.nintendo.net/3u1pvydvs9vzl_normal_face.png	take
takoyan123	http://mii-images.cdn.nintendo.net/2q8ztb48q79iz_normal_face.png	ryota
omuraisu0623	http://mii-images.cdn.nintendo.net/1c1g8yyk49hkl_normal_face.png	やまだ
ayaneru01205	http://mii-images.cdn.nintendo.net/c91o64v9gg6b_normal_face.png	ミットュー
shinfamily	http://mii-images.cdn.nintendo.net/209pi68zb11ts_normal_face.png	クラッシュ
happy-7610	http://mii-images.cdn.nintendo.net/32x6ab4idr114_normal_face.png	アッスーくん
wawawanaonao	http://mii-images.cdn.nintendo.net/1z0841mxtx766_normal_face.png	てすと
3bros_04	http://mii-images.cdn.nintendo.net/3cno8sipaq3ma_normal_face.png	しげる
TTtcGH	http://mii-images.cdn.nintendo.net/25eimcowznmkn_normal_face.png	みほしゃん
saint.reserve	http://mii-images.cdn.nintendo.net/193dbdb9e7ano_normal_face.png	st.reserve
Im.Hip800	http://mii-images.cdn.nintendo.net/3oypa6k405ya_normal_face.png	HipFan
maggara666	http://mii-images.cdn.nintendo.net/14caef434yjr0_normal_face.png	kurotora
orange616	http://mii-images.cdn.nintendo.net/2gp0iz97ipemg_normal_face.png	orange616
Guzzy1	http://mii-images.cdn.nintendo.net/jyq2n8kdy9eh_normal_face.png	Bad Wolf
johnbartlett	http://mii-images.cdn.nintendo.net/o48g7q7j38lv_normal_face.png	john
Capt.Dad2	http://mii-images.cdn.nintendo.net/2vyvu6yy8qide_normal_face.png	YT: LGZ
NinThumbYT-L	http://mii-images.cdn.nintendo.net/v518jqeww5yo_normal_face.png	NinThumbYT
777Blue	http://mii-images.cdn.nintendo.net/3i6la3ou1w97b_normal_face.png	YT_BlueX2
WiLLiam_7077	http://mii-images.cdn.nintendo.net/271hiw478woo4_normal_face.png	WiLL
RZudomon	http://mii-images.cdn.nintendo.net/w23b6ivknqsq_normal_face.png	Zudomon
Limoeiro	http://mii-images.cdn.nintendo.net/3befu1y1slg2p_normal_face.png	Zadiee
Adeadflyy	http://mii-images.cdn.nintendo.net/21gwdun8nl4pe_normal_face.png	Adeadflyy
Tubby199	http://mii-images.cdn.nintendo.net/3mo5qnnym1rwz_normal_face.png	tubby
naddict00	http://mii-images.cdn.nintendo.net/1fir95uxnc4u0_normal_face.png	NAddict00
dad520	http://mii-images.cdn.nintendo.net/37nhlyjrfuzzm_normal_face.png	Bengamein
SirfutYoutube	http://mii-images.cdn.nintendo.net/36a8glj403oon_normal_face.png	Sirfut
mareksz	http://mii-images.cdn.nintendo.net/1e3zec8cx7mgg_normal_face.png	marek
mistermobile	http://mii-images.cdn.nintendo.net/9gpywvjxatp2_normal_face.png	Lantis
Nadynarok	http://mii-images.cdn.nintendo.net/2b8xzzfxp06pd_normal_face.png	Rafael
Michi-Morde	http://mii-images.cdn.nintendo.net/okhvx57dnqtx_normal_face.png	MichiMorde
Josua06	http://mii-images.cdn.nintendo.net/34d35cun875wb_normal_face.png	Jojo
Leffesaurus	http://mii-images.cdn.nintendo.net/14axzn3cdtkzs_normal_face.png	Blue Leffe
tyLAR86	http://mii-images.cdn.nintendo.net/3an98cfclk1ie_normal_face.png	Tyler
eduardoreizinho	http://mii-images.cdn.nintendo.net/i8fuc9u1ru71_normal_face.png	Eduardo
kaitosorahinata	http://mii-images.cdn.nintendo.net/3ueoktvwl1lv6_normal_face.png	かい
DANEXCITY	http://mii-images.cdn.nintendo.net/1ijlaoa301jmp_normal_face.png	LILI
WIIUREOLI79	http://mii-images.cdn.nintendo.net/2kb9gjb28a0de_normal_face.png	Renata
MarcoSaumer	http://mii-images.cdn.nintendo.net/2n674m51jz5ve_normal_face.png	Nin★Мarco
gogobirds	http://mii-images.cdn.nintendo.net/3j6hacetjqiyq_normal_face.png	T
miiasgsj	http://mii-images.cdn.nintendo.net/1dcbs72w6vfqg_normal_face.png	Splatevuts
gus.azv	http://mii-images.cdn.nintendo.net/1um0b1ar3jv24_normal_face.png	Guto
MrCheesehed1000	http://mii-images.cdn.nintendo.net/r2ozni00gq0v_normal_face.png	Ryan
gugugameboy	http://mii-images.cdn.nintendo.net/3fpnlyofand9x_normal_face.png	Portuga
aaaaaooooooooooi	http://mii-images.cdn.nintendo.net/2dlws4hzc85ki_normal_face.png	あおい
superZ05	http://mii-images.cdn.nintendo.net/3ep9otndxzdt6_normal_face.png	Zack
Oliver1009	http://mii-images.cdn.nintendo.net/2c507miaj6jj_normal_face.png	Disgusting
shusei1205	http://mii-images.cdn.nintendo.net/3mq22t9xuvh2m_normal_face.png	しゆーせ
ross03	http://mii-images.cdn.nintendo.net/2js5flhd3nmua_normal_face.png	kingmark
Bloorose	http://mii-images.cdn.nintendo.net/232zdm6o1ae2q_normal_face.png	PotatoChip
adsosabado	http://mii-images.cdn.nintendo.net/2966sboqp1144_normal_face.png	Sabado
Danilo2506	http://mii-images.cdn.nintendo.net/346hgroqci30l_normal_face.png	Champi
REM-O-SHINE	http://mii-images.cdn.nintendo.net/2mu3pv0of0qq8_normal_face.png	TYRELFENIX
Tdiggity13	http://mii-images.cdn.nintendo.net/p3w0fji8j4xf_normal_face.png	Tito
B4N4N4	http://mii-images.cdn.nintendo.net/2o6xtpjyjfhg3_normal_face.png	B4N4N4
YvetteMack	http://mii-images.cdn.nintendo.net/2gidpg1wa96v9_normal_face.png	Rj 
MCWuk1985	http://mii-images.cdn.nintendo.net/kmnl4hzmpmn6_normal_face.png	MCW UK
Norakta	http://mii-images.cdn.nintendo.net/vmig5fkkugi8_normal_face.png	Norakta
nduke32	http://mii-images.cdn.nintendo.net/3s96pfg3pumr8_normal_face.png	nick
superscopexiii	http://mii-images.cdn.nintendo.net/x4g9z1sqydtr_normal_face.png	SuperScope
mirageman	http://mii-images.cdn.nintendo.net/1f9pyvm1szu5m_normal_face.png	Mirage
BlasterGX	http://mii-images.cdn.nintendo.net/2qeyiq7tfwzy2_normal_face.png	Ian
c0ldzc	http://mii-images.cdn.nintendo.net/d3hxirvux61f_normal_face.png	c0ld
BachBR	http://mii-images.cdn.nintendo.net/3ck4u4nldexjo_normal_face.png	Bach
DarkJake13	http://mii-images.cdn.nintendo.net/3kcjxj6l4jobo_normal_face.png	DarkJake13
t3hIcy	http://mii-images.cdn.nintendo.net/1kwwj190ljpi2_normal_face.png	Icy
NoNames3	http://mii-images.cdn.nintendo.net/14ro9zn2q248h_normal_face.png	Gene
CosmicSquirrel	http://mii-images.cdn.nintendo.net/hh92rzr4zg8p_normal_face.png	Darhkwing
Katzzzz	http://mii-images.cdn.nintendo.net/1lyagj38gdu9h_normal_face.png	Katz
stoneru486	http://mii-images.cdn.nintendo.net/2tw5yoxc2mni8_normal_face.png	stone486
Terryh2	http://mii-images.cdn.nintendo.net/1urhca995hme6_normal_face.png	Terry
Bibibombinha	http://mii-images.cdn.nintendo.net/334xieu4iodiq_normal_face.png	Bibi
SalmonTeeShirt	http://mii-images.cdn.nintendo.net/biy0hntyvfjl_normal_face.png	Kaiyote87
Bubucat13	http://mii-images.cdn.nintendo.net/16jk7juzfssw9_normal_face.png	Lilli Boo
Enderman494	http://mii-images.cdn.nintendo.net/2czgvosuip0d7_normal_face.png	Jump
stevante8	http://mii-images.cdn.nintendo.net/j1cf47041rox_normal_face.png	steve
j0binett	http://mii-images.cdn.nintendo.net/22eqoge1xgz94_normal_face.png	JohnnyZ
bubu_black_cat	http://mii-images.cdn.nintendo.net/sbj6xsz4xzfl_normal_face.png	じょういち
changara2	http://mii-images.cdn.nintendo.net/1u0ci2gsn1ys_normal_face.png	ちやんがら
laxgirl1138	http://mii-images.cdn.nintendo.net/2xddqnmmfwo_normal_face.png	Sophia
nibroc420	http://mii-images.cdn.nintendo.net/27ev9ywoffesu_normal_face.png	Gavin
champywhoowah	http://mii-images.cdn.nintendo.net/3jeo4xelij4hh_normal_face.png	callum
BravoCharlie76	http://mii-images.cdn.nintendo.net/1h3msmoh85512_normal_face.png	Dad
mrparkerman	http://mii-images.cdn.nintendo.net/1lvr5va2gm2h4_normal_face.png	spiderman
hoomii	http://mii-images.cdn.nintendo.net/2zm9sdc2gsd5v_normal_face.png	ほづき
josephandbennett	http://mii-images.cdn.nintendo.net/4j5u5nb7kw2k_normal_face.png	joe
psycoma	http://mii-images.cdn.nintendo.net/1pictslqoejoi_normal_face.png	Alex
proflegend	http://mii-images.cdn.nintendo.net/11fvkefuq0udd_normal_face.png	Prof Macln
Tobsfish	http://mii-images.cdn.nintendo.net/v5fwdtfutikt_normal_face.png	Toby
MarioE974	http://mii-images.cdn.nintendo.net/1nhhst0jshi2m_normal_face.png	eliott
ThinkGreenTubeHD	http://mii-images.cdn.nintendo.net/1v6md8pld7ts3_normal_face.png	Keenan
jjrod1214	http://mii-images.cdn.nintendo.net/2kyuhji4qy72x_normal_face.png	Resbambi
huntorama	http://mii-images.cdn.nintendo.net/3ifl8bhsx5aa5_normal_face.png	joshington
gravityman	http://mii-images.cdn.nintendo.net/m149libzqva_normal_face.png	ヒデ
BroBrew	http://mii-images.cdn.nintendo.net/cy7u4wf1k4jh_normal_face.png	BRO
leandro1010	http://mii-images.cdn.nintendo.net/10kieex3h6b6u_normal_face.png	Le
jimmyj2007	http://mii-images.cdn.nintendo.net/lo7a0axrxuo7_normal_face.png	jimmy
kawano0916	http://mii-images.cdn.nintendo.net/ovjf16nanv5x_normal_face.png	たか
kimbob1111	http://mii-images.cdn.nintendo.net/2ip3cz1rtaz8n_normal_face.png	kimbob
kylcor	http://mii-images.cdn.nintendo.net/2newnr1mh83d8_normal_face.png	Kyle792
Coolskeleton956	http://mii-images.cdn.nintendo.net/37lh7yql803b6_normal_face.png	Soldier
KAZUNEGU	http://mii-images.cdn.nintendo.net/3214joav0dehs_normal_face.png	かず
CptFluffyUnicorn	http://mii-images.cdn.nintendo.net/2pummh7n1lvsc_normal_face.png	Cpt.Fluffy
wurstwassereis88	http://mii-images.cdn.nintendo.net/3kii1wz0bheeu_normal_face.png	würstli
sakuuuuuura	http://mii-images.cdn.nintendo.net/29gxtyb08wz1t_normal_face.png	さくさく♪
Prisia	http://mii-images.cdn.nintendo.net/1hh56lwoxv3ip_normal_face.png	プリシア
harurumi	http://mii-images.cdn.nintendo.net/23j4hfhx2ro6s_normal_face.png	はるき
muireallcos	http://mii-images.cdn.nintendo.net/1zlvp61hgj8x0_normal_face.png	Muireall
Sachadurand	http://mii-images.cdn.nintendo.net/1m5ka27ioq3q2_normal_face.png	Sacha
skully1979	http://mii-images.cdn.nintendo.net/286ncrhd4pt6i_normal_face.png	Nicholas
WillaFear	http://mii-images.cdn.nintendo.net/omd4euxahwxh_normal_face.png	Willa
iluvred	http://mii-images.cdn.nintendo.net/1u6vaoqjxgzki_normal_face.png	Tati
bhps1977	http://mii-images.cdn.nintendo.net/15lj6za9sy02e_normal_face.png	brandon
toypu-fan53	http://mii-images.cdn.nintendo.net/rgsn8xfl6qb2_normal_face.png	りーちゃん
keigo-tamu	http://mii-images.cdn.nintendo.net/1z2f0ejlp37uu_normal_face.png	さいきょう
alex22607	http://mii-images.cdn.nintendo.net/psv8zkcjtu98_normal_face.png	inklink
ryunosukekojiro	http://mii-images.cdn.nintendo.net/8zbp97mdaqb8_normal_face.png	ぱぱ
MASAKITI0308	http://mii-images.cdn.nintendo.net/24kerbwjd2ct_normal_face.png	まさき
kkrkt-family	http://mii-images.cdn.nintendo.net/2pobhmfb5gqr8_normal_face.png	かよう
yuigaramuruka	http://mii-images.cdn.nintendo.net/29fve75io5qe0_normal_face.png	ユイガマスター
Titisara1907	http://mii-images.cdn.nintendo.net/31amrhgzsws7_normal_face.png	Tiffany
hamunou0321	http://mii-images.cdn.nintendo.net/6368hot8tyrh_normal_face.png	わーお(^_^)
SethVader	http://mii-images.cdn.nintendo.net/txq7p4ose6qf_normal_face.png	Sethy
pattymack12345	http://mii-images.cdn.nintendo.net/63w8x42wr2ec_normal_face.png	Mac
firas92	http://mii-images.cdn.nintendo.net/u5miwigcglag_normal_face.png	maboiweelz
honda_rry	http://mii-images.cdn.nintendo.net/tx3hip8awdom_normal_face.png	ムササビン
Chine1979	http://mii-images.cdn.nintendo.net/qvgwgmc2vg78_normal_face.png	Chine
cody4201	http://mii-images.cdn.nintendo.net/1ov872lfknp3n_normal_face.png	tori
AlexandreL14	http://mii-images.cdn.nintendo.net/fr0mvkjvl2z6_normal_face.png	Alexandre
hiroking1007	http://mii-images.cdn.nintendo.net/i7cd1r0c2vql_normal_face.png	はるま
kon102	http://mii-images.cdn.nintendo.net/ll5jqwusrt13_normal_face.png	たみお
wyliecrew2984	http://mii-images.cdn.nintendo.net/19qfdtb6i5zw7_normal_face.png	chance
lizzio06	http://mii-images.cdn.nintendo.net/2wehd1wqxf07l_normal_face.png	Mommy
chuchin1109	http://mii-images.cdn.nintendo.net/3hoz1xptrzfon_normal_face.png	Jesus
rukochanpoo	http://mii-images.cdn.nintendo.net/yp4gok7780ww_normal_face.png	るぴちゃん
racing-st205	http://mii-images.cdn.nintendo.net/27chj0fo76xhh_normal_face.png	ゆうな
BradySlayer07	http://mii-images.cdn.nintendo.net/37grhi0ba394_normal_face.png	brady
defaultname001	http://mii-images.cdn.nintendo.net/2cg6mgvj0iuee_normal_face.png	scum bug
ru_se_yu	http://mii-images.cdn.nintendo.net/lkk28a6lxjph_normal_face.png	るるか
noobmiler	http://mii-images.cdn.nintendo.net/1qkj0qa2pl42w_normal_face.png	pedro
HexQuasar1	http://mii-images.cdn.nintendo.net/15n1cpqcaldkx_normal_face.png	Brock
RobotWare	http://mii-images.cdn.nintendo.net/2rkcuap3cxjh3_normal_face.png	RobotWare
Lalank	http://mii-images.cdn.nintendo.net/2ywj1lf5xs9ri_normal_face.png	lalank
dixontwins	http://mii-images.cdn.nintendo.net/3nhfip29f3x7x_normal_face.png	Lucas
glo9870	http://mii-images.cdn.nintendo.net/22m0rnj66dizb_normal_face.png	ethan
gugudaemon	http://mii-images.cdn.nintendo.net/369vtid7mt9or_normal_face.png	gustavo
shingenki1220	http://mii-images.cdn.nintendo.net/1wk8y5iqtpnzu_normal_face.png	スピラン:V.V.V
olive149	http://mii-images.cdn.nintendo.net/gjdthhgsqzbq_normal_face.png	jollybear
mensur1981	http://mii-images.cdn.nintendo.net/2mgu7gy6ilhnh_normal_face.png	eli
taisei9911	http://mii-images.cdn.nintendo.net/nkvr69cnhstl_normal_face.png	そのひぐらし
FrankWiiU2014	http://mii-images.cdn.nintendo.net/1eetj2wltu61c_normal_face.png	Frank
maikura7896	http://mii-images.cdn.nintendo.net/25pv0rl5bzkea_normal_face.png	りく
stadashi1	http://mii-images.cdn.nintendo.net/2dctigg1177dt_normal_face.png	めぐ
Alfie_boy121	http://mii-images.cdn.nintendo.net/63402m5vghzz_normal_face.png	alfieboy10
Mariotrap_dude	http://mii-images.cdn.nintendo.net/x3rq5atf8mbc_normal_face.png	timmy
theassitant	http://mii-images.cdn.nintendo.net/2j19e5schxchk_normal_face.png	Parker_0_
MrsShefski	http://mii-images.cdn.nintendo.net/25c2l3708kg0e_normal_face.png	MrsShefski
bonedog99	http://mii-images.cdn.nintendo.net/1zhawbn7wve0c_normal_face.png	BONEdog
oliver808	http://mii-images.cdn.nintendo.net/2gyt8wb1n6a6m_normal_face.png	oliver 808
aitor2012delacru	http://mii-images.cdn.nintendo.net/52whv8hb02an_normal_face.png	aitorito
Nikincito	http://mii-images.cdn.nintendo.net/1qab4eknic2t1_normal_face.png	Nik
solis7588	http://mii-images.cdn.nintendo.net/3cnx7eaww9ojz_normal_face.png	solis7588
ilyas.halzm	http://mii-images.cdn.nintendo.net/117orll3ge916_normal_face.png	Ilyâs
GreedyDevil	http://mii-images.cdn.nintendo.net/3k50p4bc9f6bm_normal_face.png	GreedyDevl
105302	http://mii-images.cdn.nintendo.net/3do0wrol87721_normal_face.png	とおりすがりのオタク
dellymaia	http://mii-images.cdn.nintendo.net/1f2yf38yppiv6_normal_face.png	Henrique
Evan.t.ace	http://mii-images.cdn.nintendo.net/2ejg36zewxhu3_normal_face.png	evan
Teotim2005	http://mii-images.cdn.nintendo.net/kiwq9dmnpv31_normal_face.png	teotim07
namdwoo27	http://mii-images.cdn.nintendo.net/3cwb9ad78c0zk_normal_face.png	song2
grandkidz1	http://mii-images.cdn.nintendo.net/dd6krx3fbn6c_normal_face.png	Tomas
assa.LEGO	http://mii-images.cdn.nintendo.net/s3ngfqw2bzsk_normal_face.png	やす
natyy929	http://mii-images.cdn.nintendo.net/1r4ni1ukznd56_normal_face.png	joseph
bkmonroe	http://mii-images.cdn.nintendo.net/35ma3mjny4g5h_normal_face.png	Brie
AIJ2009	http://mii-images.cdn.nintendo.net/2t0xgv3z9s8cc_normal_face.png	Amari
junio11	http://mii-images.cdn.nintendo.net/3frqa7fu4fzc1_normal_face.png	nino
takumiiiiiin	http://mii-images.cdn.nintendo.net/2t1xa2ggv0ur0_normal_face.png	たくみ
Harry20410	http://mii-images.cdn.nintendo.net/ao6npdf5c0r7_normal_face.png	Harry
devon79380	http://mii-images.cdn.nintendo.net/pw594jq8zxat_normal_face.png	Alhya
kkmiller120676	http://mii-images.cdn.nintendo.net/2o8ufak0o4e8y_normal_face.png	kam
ma0711	http://mii-images.cdn.nintendo.net/2dganmb6u9ut1_normal_face.png	カイト
lukas-mitsch	http://mii-images.cdn.nintendo.net/3itt3qbqudxqf_normal_face.png	lukas
ntsdubb	http://mii-images.cdn.nintendo.net/20k7mhgsffvc_normal_face.png	Branson
Louna3105	http://mii-images.cdn.nintendo.net/1500jvo63wygv_normal_face.png	Louna
Kiki-Melanie	http://mii-images.cdn.nintendo.net/cqtvzx6u0gol_normal_face.png	Kyara
DashboardJeebus	http://mii-images.cdn.nintendo.net/1mzscrhpoamlg_normal_face.png	Dashboard
ik3r85	http://mii-images.cdn.nintendo.net/63cwiwsojjb7_normal_face.png	iker
YUT0KYT	http://mii-images.cdn.nintendo.net/31o3fcicp248j_normal_face.png	こうすけ
TheTallMan76	http://mii-images.cdn.nintendo.net/3sgugmturlvcs_normal_face.png	Mike
Yannmtalavera	http://mii-images.cdn.nintendo.net/osi98ku3wygx_normal_face.png	Yann
Kosten	http://mii-images.cdn.nintendo.net/1yyxek33ys8hq_normal_face.png	Kosten
mt_god010320	http://mii-images.cdn.nintendo.net/1l04mvj6d70gh_normal_face.png	8
hayato-y-noa	http://mii-images.cdn.nintendo.net/22sj36wz6w85q_normal_face.png	はやと
gec321	http://mii-images.cdn.nintendo.net/1p1onexlnt8v3_normal_face.png	eli
technologygenius	http://mii-images.cdn.nintendo.net/1a1c1chdcke0f_normal_face.png	Luca
schalker1904	http://mii-images.cdn.nintendo.net/2s3upzpsucpfv_normal_face.png	heini
DeuceWiggalo	http://mii-images.cdn.nintendo.net/3g5hxnzz8d3ox_normal_face.png	Wolf
Angel3221	http://mii-images.cdn.nintendo.net/1urdyzhyxgt7d_normal_face.png	Angel
SjorsMaster	http://mii-images.cdn.nintendo.net/24cjdhb9d461k_normal_face.png	☆Sjors☆
elpops01	http://mii-images.cdn.nintendo.net/2ewj7z0dt8wir_normal_face.png	pops
reyrae718	http://mii-images.cdn.nintendo.net/2yfqgyg1q0uzw_normal_face.png	chi chi
djsdy724	http://mii-images.cdn.nintendo.net/87wo88t5gn7f_normal_face.png	ひろと
Audi5339	http://mii-images.cdn.nintendo.net/360s5jp719ye7_normal_face.png	よこはま
SonyBeniga	http://mii-images.cdn.nintendo.net/2v0n98dafgob3_normal_face.png	Bidouchon
moralesst716	http://mii-images.cdn.nintendo.net/2isad2hynbhbb_normal_face.png	Steven
M704.eighter	http://mii-images.cdn.nintendo.net/pw9ersr4vk4l_normal_face.png	とあ
rara50	http://mii-images.cdn.nintendo.net/g1c4a8g7rtr7_normal_face.png	jroc
plyqc9331	http://mii-images.cdn.nintendo.net/2rnb4e6r89egj_normal_face.png	yang～
papershrimp	http://mii-images.cdn.nintendo.net/1xjx70rqgjdjf_normal_face.png	PaprShrimp
chcho920606	http://mii-images.cdn.nintendo.net/1nm3e4cll7x6l_normal_face.png	juan
yumemama0694	http://mii-images.cdn.nintendo.net/frfhdmf03q98_normal_face.png	ゆめか
kouki-raiki	http://mii-images.cdn.nintendo.net/3mjgtadqmcza7_normal_face.png	こうき
warenar	http://mii-images.cdn.nintendo.net/1ajt77wy6dz45_normal_face.png	Joran
angerii5	http://mii-images.cdn.nintendo.net/s83153co3cwa_normal_face.png	りーちゅん♪
ojichan-to-yui	http://mii-images.cdn.nintendo.net/adwvnyxe1vh7_normal_face.png	ながちゃん
rafaeldipetta	http://mii-images.cdn.nintendo.net/mj2h3xsd3d0s_normal_face.png	King Rafa
Gessualdo	http://mii-images.cdn.nintendo.net/2wmn5qlqzm1sl_normal_face.png	Gessualdo
xTorviCx	http://mii-images.cdn.nintendo.net/3lbshge6x7sqv_normal_face.png	TorviC
hylaincreed	http://mii-images.cdn.nintendo.net/2c1zjd6x4z4vs_normal_face.png	Terrell
Monkey_Man112	http://mii-images.cdn.nintendo.net/81d1jaksx8xz_normal_face.png	Ry
TheGreatAl	http://mii-images.cdn.nintendo.net/3qo08rlytj3gp_normal_face.png	Alex
maxilion	http://mii-images.cdn.nintendo.net/32vraivs5i1os_normal_face.png	Max
ApexAsylum	http://mii-images.cdn.nintendo.net/1axb6ysyeythr_normal_face.png	Arjun
crispy972	http://mii-images.cdn.nintendo.net/3szixdfhgoo3x_normal_face.png	Crispy
XxJellyfishXx	http://mii-images.cdn.nintendo.net/38qrkgxvwbmtc_normal_face.png	Matthew
giovanny98765	http://mii-images.cdn.nintendo.net/2vahop25vgd5c_normal_face.png	papuchin
noobster258	http://mii-images.cdn.nintendo.net/3u7ficzzo3ly5_normal_face.png	bob
19RVD90	http://mii-images.cdn.nintendo.net/1jv5lp6ar9d0y_normal_face.png	Patrick
keiko2327	http://mii-images.cdn.nintendo.net/285r3m3fnzguj_normal_face.png	けいと
batzfamily1	http://mii-images.cdn.nintendo.net/1nmi06bkvxniw_normal_face.png	noah
pnamip-5172	http://mii-images.cdn.nintendo.net/1yr4henwlvcl1_normal_face.png	きむにぃ
guycito	http://mii-images.cdn.nintendo.net/36odcixdrp0l5_normal_face.png	Guycito
Co-D1980	http://mii-images.cdn.nintendo.net/3lg7rx5t5ed7r_normal_face.png	おくパーのおっとっと
5gether	http://mii-images.cdn.nintendo.net/3keaccre77w6q_normal_face.png	Brian
brillante10	http://mii-images.cdn.nintendo.net/2eh1mgmly6h6h_normal_face.png	mar
Heitor2009	http://mii-images.cdn.nintendo.net/ldahi4tb4jeh_normal_face.png	Heitor
nicholascouri	http://mii-images.cdn.nintendo.net/3c05e64ehebq1_normal_face.png	Rico
kondobarrel	http://mii-images.cdn.nintendo.net/2k3iq1lq55s2a_normal_face.png	あ
ryaners10	http://mii-images.cdn.nintendo.net/uz13fcxfwtnw_normal_face.png	ryan
nils.hannes2007	http://mii-images.cdn.nintendo.net/17gtodzc2joc0_normal_face.png	YouTubeDE
haru-yuu-yume	http://mii-images.cdn.nintendo.net/1uocvp5v3a2sc_normal_face.png	はるき
masataka826	http://mii-images.cdn.nintendo.net/1a5as04ympbbq_normal_face.png	まあたん
NicholasRov	http://mii-images.cdn.nintendo.net/2jcur4alzxuvm_normal_face.png	Nicholas
Dii-Man	http://mii-images.cdn.nintendo.net/3t7ps7gu21c4x_normal_face.png	Dii
eduard.psc	http://mii-images.cdn.nintendo.net/qs6zr0oyyd4o_normal_face.png	Mr-Cabral
muranari923	http://mii-images.cdn.nintendo.net/2tb51qkkv6mrr_normal_face.png	muranari
diegoonline2004	http://mii-images.cdn.nintendo.net/cpgu0ql0me67_normal_face.png	Diego
hyjhtmjy	http://mii-images.cdn.nintendo.net/28y75hs3fd2hf_normal_face.png	たくや
syu1koga	http://mii-images.cdn.nintendo.net/2zhzuk4k6mjsi_normal_face.png	ゆうた
SuperCool1968	http://mii-images.cdn.nintendo.net/3vlv1m2ro3f9t_normal_face.png	DANNY
Shintarou0104	http://mii-images.cdn.nintendo.net/3hccvpcql2fmy_normal_face.png	しんたろう
ryunako	http://mii-images.cdn.nintendo.net/3jmj1ab2x9wos_normal_face.png	☆かっぺ☆
grosser01	http://mii-images.cdn.nintendo.net/2yoy2lw10xq2f_normal_face.png	Flemming
mre2928	http://mii-images.cdn.nintendo.net/378tf2yu6qzg6_normal_face.png	【OJS】FUJI
julianasch2007	http://mii-images.cdn.nintendo.net/2kfpclgfx1qjd_normal_face.png	juli
aschof	http://mii-images.cdn.nintendo.net/3lqjkktfn2uk9_normal_face.png	yoshi678
venenozoboss	http://mii-images.cdn.nintendo.net/3g36qdh478f8f_normal_face.png	luciano
musicmaker73	http://mii-images.cdn.nintendo.net/1pd5j12wl2lg6_normal_face.png	Reaper
CG_INK	http://mii-images.cdn.nintendo.net/9h86dycnsqql_normal_face.png	Carlos
yosoyjack	http://mii-images.cdn.nintendo.net/1wr73gew04pxt_normal_face.png	Santiago
lette_dub	http://mii-images.cdn.nintendo.net/swd4reeizofj_normal_face.png	ぶん
lockekids5	http://mii-images.cdn.nintendo.net/1npzvton78muj_normal_face.png	Daniel6
salimame	http://mii-images.cdn.nintendo.net/2hav0bhw4z394_normal_face.png	pichitekta
Haileyharvey	http://mii-images.cdn.nintendo.net/1nbwrlzprz2wf_normal_face.png	hail
chiro.0323	http://mii-images.cdn.nintendo.net/15u8ctb89oktz_normal_face.png	$^O^$
lfts1924	http://mii-images.cdn.nintendo.net/2wd4heramsxk4_normal_face.png	zekrom
FamilyBasenet	http://mii-images.cdn.nintendo.net/3p1ryx411jhkw_normal_face.png	tammy
naimiker	http://mii-images.cdn.nintendo.net/15g9yuigf2x8l_normal_face.png	lokendero
nicholas-pereira	http://mii-images.cdn.nintendo.net/1fl3gae00vsis_normal_face.png	nick
bigcountry48	http://mii-images.cdn.nintendo.net/1wgsx51e1eln8_normal_face.png	bigcountry
vacuummouse	http://mii-images.cdn.nintendo.net/178iyd4vjhrxn_normal_face.png	zak
FOS_04	http://mii-images.cdn.nintendo.net/3c63q7jb60vy8_normal_face.png	Annie
Mazucamba	http://mii-images.cdn.nintendo.net/1se90cfrn0gc3_normal_face.png	toon link
bw79v43tom	http://mii-images.cdn.nintendo.net/3nag101gwbbov_normal_face.png	petit loup
saliari	http://mii-images.cdn.nintendo.net/o6c1xxco69or_normal_face.png	Paul
Doc_Kwyjibo	http://mii-images.cdn.nintendo.net/2o0k7o0wm85g5_normal_face.png	DocKwyjibo
Henzaz	http://mii-images.cdn.nintendo.net/1kps8dbsbfml0_normal_face.png	Henza
rockerroller	http://mii-images.cdn.nintendo.net/3qjd4uhefxlun_normal_face.png	Shane
Peztopiary	http://mii-images.cdn.nintendo.net/fh3mamqbgu6c_normal_face.png	Antman
laowang438	http://mii-images.cdn.nintendo.net/3p0cf00bk19md_normal_face.png	。。。
JaiSTAR7	http://mii-images.cdn.nintendo.net/3pdf2gjgfdmhd_normal_face.png	Lil Jay
Agucci619	http://mii-images.cdn.nintendo.net/drx0r0ihb4oy_normal_face.png	あゆむ
Rewanolu	http://mii-images.cdn.nintendo.net/393suqfjefyt3_normal_face.png	Daak_lp
tacohardy	http://mii-images.cdn.nintendo.net/33mgee4b1li35_normal_face.png	william
Spike_le_Vain	http://mii-images.cdn.nintendo.net/1h75fzv94mq0_normal_face.png	MaXXXi
xezemaster	http://mii-images.cdn.nintendo.net/1r65ssow6vso6_normal_face.png	Xeze
dylankickbutt	http://mii-images.cdn.nintendo.net/1armbk6gblx2r_normal_face.png	DYLAN
Mchess7	http://mii-images.cdn.nintendo.net/2l4vj8lv67t2k_normal_face.png	Miguel
riku201122	http://mii-images.cdn.nintendo.net/21erv8lggfhwi_normal_face.png	りく
Dark_Lady_Mara	http://mii-images.cdn.nintendo.net/1ygpi534m9wyf_normal_face.png	Lady Mara
lilyeua	http://mii-images.cdn.nintendo.net/ogfwhyyha0kp_normal_face.png	Lily
jogo_jogos	http://mii-images.cdn.nintendo.net/3ap0eg19bl57i_normal_face.png	jogo-jogos
Ghost_TF141_MW2	http://mii-images.cdn.nintendo.net/29qawtsntk82o_normal_face.png	Riley
chi-nari	http://mii-images.cdn.nintendo.net/1h2svm7wo0rka_normal_face.png	なり
jounes100	http://mii-images.cdn.nintendo.net/17n0z1n5aeph0_normal_face.png	BR☆Markus¿
SyamaYki	http://mii-images.cdn.nintendo.net/mtpavsvnhhnv_normal_face.png	ゆうき
ALEX_DANI_MAMA	http://mii-images.cdn.nintendo.net/3ktz0ubuzv21e_normal_face.png	Alex
senatokikoto	http://mii-images.cdn.nintendo.net/uklxwx3vhvb7_normal_face.png	せな とき こと
gggoooaaattt	http://mii-images.cdn.nintendo.net/24oqtg6r4pc15_normal_face.png	Goat
731906	http://mii-images.cdn.nintendo.net/16dgu016k07e_normal_face.png	Hunter
LandenHolm	http://mii-images.cdn.nintendo.net/21yd0svm3yra_normal_face.png	Landen
Lucario4817	http://mii-images.cdn.nintendo.net/bq2jvswbg7h5_normal_face.png	Entei
Liberated92	http://mii-images.cdn.nintendo.net/1z7ok465gwong_normal_face.png	Liberated
Zugina	http://mii-images.cdn.nintendo.net/c0s1iig392yi_normal_face.png	Handy
ys561011	http://mii-images.cdn.nintendo.net/s4net3vgtxfh_normal_face.png	きら
naoyan0417	http://mii-images.cdn.nintendo.net/280gl0mzv3byc_normal_face.png	なおやん
swookys	http://mii-images.cdn.nintendo.net/34icognnhb19a_normal_face.png	tommy
mizubon.fan	http://mii-images.cdn.nintendo.net/2r2pws65p6q3r_normal_face.png	たいき
Locke57	http://mii-images.cdn.nintendo.net/1hosxc4t0r5wn_normal_face.png	sami
koopakid128	http://mii-images.cdn.nintendo.net/1fnzf29xy72fl_normal_face.png	It
Wiiusergio11	http://mii-images.cdn.nintendo.net/1vag9ti8r9sh3_normal_face.png	sergio
IhaadevSilver	http://mii-images.cdn.nintendo.net/5adng0g6pgnm_normal_face.png	Ihaadev
jmanuelhernandez	http://mii-images.cdn.nintendo.net/2k6p4bdgtw02d_normal_face.png	kami
Elotrix_1205	http://mii-images.cdn.nintendo.net/3qisnynecoqg0_normal_face.png	pera
kyran98	http://mii-images.cdn.nintendo.net/3bk6oi3mowzeu_normal_face.png	kyran
silas3107	http://mii-images.cdn.nintendo.net/356swoxnrjl8q_normal_face.png	silas
taiharu2	http://mii-images.cdn.nintendo.net/153nmyyiantf9_normal_face.png	タイ
toni_tori	http://mii-images.cdn.nintendo.net/1jj55rxueq66z_normal_face.png	Tori
firewaffles	http://mii-images.cdn.nintendo.net/1souxhznjdliu_normal_face.png	jack
KickassAngel	http://mii-images.cdn.nintendo.net/mb5ogbdkxg4t_normal_face.png	Angel
07Harri01	http://mii-images.cdn.nintendo.net/1oktevfyygdue_normal_face.png	harri
buggy75	http://mii-images.cdn.nintendo.net/wt1dgrp7ejng_normal_face.png	buggy75
keithinator	http://mii-images.cdn.nintendo.net/3oi2l1s6kazm6_normal_face.png	hayden
3zakboys	http://mii-images.cdn.nintendo.net/3a9ns3r6e3ved_normal_face.png	Santa
u-shi-827	http://mii-images.cdn.nintendo.net/2q9xquq9jnti9_normal_face.png	ユウシ
yusei822	http://mii-images.cdn.nintendo.net/1ed94lnhv0gvd_normal_face.png	プクプク
Kouta-Kanta28	http://mii-images.cdn.nintendo.net/3dm2uyywq5hl1_normal_face.png	こうた
Avalanch1	http://mii-images.cdn.nintendo.net/17nlhk3iasbz7_normal_face.png	  Mario!  
kiroule	http://mii-images.cdn.nintendo.net/lnfzqa8gy0t2_normal_face.png	Romane
LJS2006	http://mii-images.cdn.nintendo.net/67ufxin9ohkp_normal_face.png	lucas
hii1219	http://mii-images.cdn.nintendo.net/xrxidozut0aa_normal_face.png	ひで
hiro12yura09	http://mii-images.cdn.nintendo.net/td0jowrntloz_normal_face.png	バットボーイ
MarioandKirby246	http://mii-images.cdn.nintendo.net/3heknby6bypz5_normal_face.png	Mario
111111dem	http://mii-images.cdn.nintendo.net/ugp8736twz3n_normal_face.png	jack
eswlp99	http://mii-images.cdn.nintendo.net/2fu04h6a3kz9a_normal_face.png	Eli
odebuhiro	http://mii-images.cdn.nintendo.net/186368kwhueig_normal_face.png	ひろと
BAC.10	http://mii-images.cdn.nintendo.net/2634ouezlfw80_normal_face.png	dormidente
hiro06mana10	http://mii-images.cdn.nintendo.net/2iq37pvy74hzo_normal_face.png	ひろ
bananukis	http://mii-images.cdn.nintendo.net/3s87g7bh1zw7p_normal_face.png	chilywilly
wellsfamilyiv	http://mii-images.cdn.nintendo.net/jycnkhwnsqme_normal_face.png	JOHN-john
ZIMAWiiU	http://mii-images.cdn.nintendo.net/364jkfyf2sdh7_normal_face.png	【LS】はるとぅーん
FriendlyPyro	http://mii-images.cdn.nintendo.net/3sssaeuxgspmf_normal_face.png	Vince
hoak333	http://mii-images.cdn.nintendo.net/2yh2zjxctjbp0_normal_face.png	ヒロ
Fabs-Stoawend	http://mii-images.cdn.nintendo.net/3agsvr5d2keqr_normal_face.png	Fabs
kou1106kou	http://mii-images.cdn.nintendo.net/2prc23z1ndbfv_normal_face.png	こうちゃん
tayutoriuki	http://mii-images.cdn.nintendo.net/2aj7mulrbhfxv_normal_face.png	せいや
ABCDEFEDCBAS	http://mii-images.cdn.nintendo.net/3snx7zer9ae6d_normal_face.png	りくっち
bonne02	http://mii-images.cdn.nintendo.net/1zt4msbo9bu1u_normal_face.png	bonne
terupon1	http://mii-images.cdn.nintendo.net/1wl60amtxyjto_normal_face.png	てるぼうず♪
Ikegami-Shunta	http://mii-images.cdn.nintendo.net/1b1yb74bfjeuh_normal_face.png	ぷーいけ
NevioCorrera	http://mii-images.cdn.nintendo.net/g91pfr9tbbab_normal_face.png	Nevio
maaabuuuuu	http://mii-images.cdn.nintendo.net/1uiefjd9ntwcx_normal_face.png	MANA
rhey9012	http://mii-images.cdn.nintendo.net/3oltvppk6jyp1_normal_face.png	るいかい
Rublox_16	http://mii-images.cdn.nintendo.net/2ejnh2sgir0lf_normal_face.png	Rublox
1a8daedc5808	http://mii-images.cdn.nintendo.net/341l3y3jnpqyw_normal_face.png	たいき
snoots11	http://mii-images.cdn.nintendo.net/39x07bx28fsw2_normal_face.png	snoots
mega-mewtu	http://mii-images.cdn.nintendo.net/duhmja3d69vg_normal_face.png	Le-le
saitosotako	http://mii-images.cdn.nintendo.net/5bh6il1ad3tt_normal_face.png	そう
loukarenaud	http://mii-images.cdn.nintendo.net/22e7zuzaebour_normal_face.png	louk viac
D13G0N	http://mii-images.cdn.nintendo.net/1k6aeun9ew9cd_normal_face.png	Diegon
bigstar_c83	http://mii-images.cdn.nintendo.net/32470a689ww3d_normal_face.png	chris
miemama27	http://mii-images.cdn.nintendo.net/3ditvv3zjpcz_normal_face.png	かんた
kaz159	http://mii-images.cdn.nintendo.net/3j1ccyssa9twn_normal_face.png	ゆうと
TheKingOfArkel	http://mii-images.cdn.nintendo.net/nxes21di7ibj_normal_face.png	Senna
meipapas	http://mii-images.cdn.nintendo.net/yn9r6g9x5tf2_normal_face.png	くーちゃん:
mariokirby17	http://mii-images.cdn.nintendo.net/2hcu5x6qgdfqv_normal_face.png	Nathan
Klassenclown	http://mii-images.cdn.nintendo.net/3oejos5wjjdlf_normal_face.png	Ravil
waynebo1975	http://mii-images.cdn.nintendo.net/1m6e6s6pwgmes_normal_face.png	jessica
sammymoreno23	http://mii-images.cdn.nintendo.net/5tmrtfvzqxe3_normal_face.png	sammy
jennmarino	http://mii-images.cdn.nintendo.net/2zp68lmpyo45l_normal_face.png	Jenn
House566	http://mii-images.cdn.nintendo.net/q6huv6wltkf8_normal_face.png	Nate
hirotakuchan	http://mii-images.cdn.nintendo.net/1wi0kk32l07m6_normal_face.png	ちゃんじゅに
Nei_Kennedy	http://mii-images.cdn.nintendo.net/3j9el270b5kdf_normal_face.png	Nei
Andy20008	http://mii-images.cdn.nintendo.net/2y5njmm5x1krw_normal_face.png	Andy
Ajdin1	http://mii-images.cdn.nintendo.net/1jiquitxv1mmt_normal_face.png	aha ahhaa
lip008	http://mii-images.cdn.nintendo.net/3fa09m80gbdb9_normal_face.png	Felipe
Dizzylzzy	http://mii-images.cdn.nintendo.net/d1umkkife6bq_normal_face.png	DizzyIzzy★
beast_member	http://mii-images.cdn.nintendo.net/2fyy3b5azsraa_normal_face.png	ビーン
Zebazone	http://mii-images.cdn.nintendo.net/34pof8mxvi0rk_normal_face.png	Zebazone
Jrd224	http://mii-images.cdn.nintendo.net/2ujjyyxmmcxeo_normal_face.png	Gonra6333
isapektas	http://mii-images.cdn.nintendo.net/2rmpl7iu4zj0w_normal_face.png	Isa
Edalebre170711	http://mii-images.cdn.nintendo.net/1g9xiy9q44j1z_normal_face.png	messi
LukeLeg	http://mii-images.cdn.nintendo.net/3k95aps3qpcy_normal_face.png	Luke
0607kousei	http://mii-images.cdn.nintendo.net/1ocml9k9a1o6g_normal_face.png	　　　　　　　　　お
zhebushiid_heng	http://mii-images.cdn.nintendo.net/10b8bq0m04r4p_normal_face.png	Yuki
harususi	http://mii-images.cdn.nintendo.net/392gnx8jf84kl_normal_face.png	たこやき
slimed246	http://mii-images.cdn.nintendo.net/3t35e3ujmeckj_normal_face.png	Slimed246
Greatness14	http://mii-images.cdn.nintendo.net/3dnzyhxjzlyhc_normal_face.png	Gavin
hamdy51123	http://mii-images.cdn.nintendo.net/1ew0xa11wpc4e_normal_face.png	Ham
YazMatJr	http://mii-images.cdn.nintendo.net/1nvhdkv9wmqhw_normal_face.png	Mattew
Charkie12	http://mii-images.cdn.nintendo.net/2cb0yge8kimd_normal_face.png	Sydy
Corbinator7	http://mii-images.cdn.nintendo.net/2ybh3qj7mrml9_normal_face.png	p-star 7
edu_tnt	http://mii-images.cdn.nintendo.net/2biq97nmn6njm_normal_face.png	:D
Nitoro1009	http://mii-images.cdn.nintendo.net/cpz79648mbi_normal_face.png	じんせいはいちどきり
bradsintomario	http://mii-images.cdn.nintendo.net/v6ddobvxn7xz_normal_face.png	bradley
Blorpius	http://mii-images.cdn.nintendo.net/170czdhoc4fhs_normal_face.png	Drew
zavala8810	http://mii-images.cdn.nintendo.net/m90ox2q0j2kq_normal_face.png	......
vikkyonesock	http://mii-images.cdn.nintendo.net/3bv8btiyqmu8w_normal_face.png	junior
theflavfam05	http://mii-images.cdn.nintendo.net/1insgjirjgp5a_normal_face.png	sophie
Greig2007	http://mii-images.cdn.nintendo.net/fwbvzsmp07wz_normal_face.png	Greig
unyaneio224	http://mii-images.cdn.nintendo.net/ndnid49actt8_normal_face.png	イカしたイカ!
braxton.walker	http://mii-images.cdn.nintendo.net/6awd0aru7n7l_normal_face.png	bhnjk
MaximHofman	http://mii-images.cdn.nintendo.net/17wrw5du1cct1_normal_face.png	maxím
austinvexy	http://mii-images.cdn.nintendo.net/1zj13kr1czi97_normal_face.png	austin
WillianFOX	http://mii-images.cdn.nintendo.net/3s9dmdyzbze0r_normal_face.png	WillianFOX
angeloadam	http://mii-images.cdn.nintendo.net/25nawykwa7i1n_normal_face.png	mr poops
Moss4life	http://mii-images.cdn.nintendo.net/18v59acaogj64_normal_face.png	dave
jorradisio	http://mii-images.cdn.nintendo.net/34ns917n9dzy0_normal_face.png	Jonas
lickymanmm	http://mii-images.cdn.nintendo.net/1k6mwtrghm0ke_normal_face.png	uyi
miruky1201	http://mii-images.cdn.nintendo.net/253cf7upwmvty_normal_face.png	MAI
Ultra152	http://mii-images.cdn.nintendo.net/3asp693x9svjt_normal_face.png	Makerpro
supertrogdor	http://mii-images.cdn.nintendo.net/8ztx490kr1w1_normal_face.png	WiLLiAM
catia311	http://mii-images.cdn.nintendo.net/ra0n9ctr13c8_normal_face.png	DaviLuiz
AneurinCortez	http://mii-images.cdn.nintendo.net/nekiu3sphscb_normal_face.png	Tom
5538sota	http://mii-images.cdn.nintendo.net/3crqd3mork49t_normal_face.png	そうた
Jame5on	http://mii-images.cdn.nintendo.net/1evtbabdh9gse_normal_face.png	Jameson
mintia0126	http://mii-images.cdn.nintendo.net/339lrzisjtv5z_normal_face.png	りょーと
fabriziopitto	http://mii-images.cdn.nintendo.net/1b7p3ecqapbss_normal_face.png	sofia
FinniFoxU	http://mii-images.cdn.nintendo.net/3cp8l86xdy9ey_normal_face.png	Finni
michels1998	http://mii-images.cdn.nintendo.net/30kscy23of01_normal_face.png	lordganon
jtct01	http://mii-images.cdn.nintendo.net/21mhmg20ml8g2_normal_face.png	wtylp?onz
Dash1138	http://mii-images.cdn.nintendo.net/2y5xct2xpo6vw_normal_face.png	Dash1138
CAKE.com	http://mii-images.cdn.nintendo.net/3f7vkur7ve9r5_normal_face.png	Qnitne
iendermann	http://mii-images.cdn.nintendo.net/bbrw690xkghp_normal_face.png	Isaac
iotm148-a13	http://mii-images.cdn.nintendo.net/2m4ycm3t3l97y_normal_face.png	Takuma
HateReaper	http://mii-images.cdn.nintendo.net/7nt50wc2ypjw_normal_face.png	Stew
tatsuya0509	http://mii-images.cdn.nintendo.net/3iq8qelptlx5d_normal_face.png	たつや
powle888	http://mii-images.cdn.nintendo.net/apm9lk9b9ofi_normal_face.png	Larina★fs
plutonium-power	http://mii-images.cdn.nintendo.net/2cwytfkmlj3s6_normal_face.png	kdogg
jona962090	http://mii-images.cdn.nintendo.net/15r7h6jdf9ntr_normal_face.png	Jonas
sonny333	http://mii-images.cdn.nintendo.net/2glfhpc5d0sy5_normal_face.png	jjjj
statue1028	http://mii-images.cdn.nintendo.net/tbecvcr3jzhh_normal_face.png	スタチュー
badassOskar	http://mii-images.cdn.nintendo.net/xahfcq14jc8r_normal_face.png	Soman HD
yuu1201ki	http://mii-images.cdn.nintendo.net/dn5a1uge8fjs_normal_face.png	とだゆうき¶
siho44	http://mii-images.cdn.nintendo.net/16thz88s5kuj0_normal_face.png	かぜのとき
lindaandreece	http://mii-images.cdn.nintendo.net/2xgyotz6pdye6_normal_face.png	reece
MurrayMan	http://mii-images.cdn.nintendo.net/4fbh7ekps5fs_normal_face.png	Oli
ArthurAvila	http://mii-images.cdn.nintendo.net/2forwut88ckse_normal_face.png	Arthur
DonTheGrizzlyMan	http://mii-images.cdn.nintendo.net/nzqf6bcbcpkl_normal_face.png	bigdshaw86
Bakozan	http://mii-images.cdn.nintendo.net/1yjevfq86cipa_normal_face.png	Bako
papa2565	http://mii-images.cdn.nintendo.net/1jr5qg8bivfij_normal_face.png	luis
rafa19101	http://mii-images.cdn.nintendo.net/3n24uehwvnw3j_normal_face.png	rafael
miikaetzchen	http://mii-images.cdn.nintendo.net/36kvg0vjq2h8r_normal_face.png	Takeshi
OneFluffy.Rabbit	http://mii-images.cdn.nintendo.net/37t5ynwkb1vo4_normal_face.png	Claude
2009memphis	http://mii-images.cdn.nintendo.net/29bgioqnmvuza_normal_face.png	bady boy
ryuuji-gonzaresu	http://mii-images.cdn.nintendo.net/2d43qt356x53u_normal_face.png	BRUNO
ken-k.1964	http://mii-images.cdn.nintendo.net/3ealdqczzy5ag_normal_face.png	けん
Masashi_Jr	http://mii-images.cdn.nintendo.net/3vohalssx2477_normal_face.png	Manaka
FazerLazer	http://mii-images.cdn.nintendo.net/nip4ttta4ict_normal_face.png	fazerlazer
Speleologue	http://mii-images.cdn.nintendo.net/1cr46q0yro8iq_normal_face.png	Gweneriste
taikun1226	http://mii-images.cdn.nintendo.net/l038c54g5pe5_normal_face.png	MATSURI★
KAREFFREY	http://mii-images.cdn.nintendo.net/fql9ljv6if0c_normal_face.png	KAR3N
hankati	http://mii-images.cdn.nintendo.net/3k7akienzz0jp_normal_face.png	とも
stephenbrooks31	http://mii-images.cdn.nintendo.net/loov8yuw7rp3_normal_face.png	Stacks
kawanoryuu	http://mii-images.cdn.nintendo.net/1ypaqc3km32hu_normal_face.png	じんめんなめこ
Boone16	http://mii-images.cdn.nintendo.net/24o9y8zs0avzk_normal_face.png	Boone
EvanFedak	http://mii-images.cdn.nintendo.net/24umgwojl3bhw_normal_face.png	Evan Fedex
NeptuneHeads	http://mii-images.cdn.nintendo.net/3fdklmbzcem4d_normal_face.png	Mel
Awesome.MR	http://mii-images.cdn.nintendo.net/2ris9vg3ybok2_normal_face.png	mr.awesome
superrosalina777	http://mii-images.cdn.nintendo.net/3021q48luxrrk_normal_face.png	miralexis
0913Keisi	http://mii-images.cdn.nintendo.net/2i8kjjpbf7j9b_normal_face.png	あらいでーす
Di.g03	http://mii-images.cdn.nintendo.net/f42x7a8iugns_normal_face.png	Diego
c.r.hiro	http://mii-images.cdn.nintendo.net/3tfjwkzswhxqo_normal_face.png	ガッツミラー
matthewallstar	http://mii-images.cdn.nintendo.net/c7f95ts5ndjz_normal_face.png	matthew
owen090210	http://mii-images.cdn.nintendo.net/158c455f2ymhw_normal_face.png	Owen
BCStomper27	http://mii-images.cdn.nintendo.net/35z9cf7kpcx98_normal_face.png	Brandon
makear	http://mii-images.cdn.nintendo.net/2pigzz3ts0rsd_normal_face.png	Andrés
teter54300	http://mii-images.cdn.nintendo.net/cnqi7kz4ymoz_normal_face.png	teter
koutahino	http://mii-images.cdn.nintendo.net/9vmytqbaeoav_normal_face.png	こてっちゃん
Clangoldiles	http://mii-images.cdn.nintendo.net/1j2wpabnywbcu_normal_face.png	Noops!
youyou1955	http://mii-images.cdn.nintendo.net/23dhnlxvcjxzk_normal_face.png	min∞Shina
calib909	http://mii-images.cdn.nintendo.net/3ptdwpuhp5hd_normal_face.png	calib9009
pizzuto6	http://mii-images.cdn.nintendo.net/18bowoepp8k0y_normal_face.png	NTDO C.J.
FELICIAFORTHEWIN	http://mii-images.cdn.nintendo.net/2j1rppnnqp2xu_normal_face.png	nathan
Thomasigt	http://mii-images.cdn.nintendo.net/2ad25f8at7v8l_normal_face.png	Thomás
PedroW29	http://mii-images.cdn.nintendo.net/2kn06zx1ir2f9_normal_face.png	Burning★IV
shinsakuouji	http://mii-images.cdn.nintendo.net/2klzs9u2l84ga_normal_face.png	しんさく
dapcaptain08	http://mii-images.cdn.nintendo.net/3pf4yp7w4teo9_normal_face.png	jonty
Gustavoeselmejor	http://mii-images.cdn.nintendo.net/33300tdqzf2pz_normal_face.png	gustavo
vochoa13	http://mii-images.cdn.nintendo.net/1qbvqld4g8xy6_normal_face.png	<
ponta-pon14	http://mii-images.cdn.nintendo.net/35761k77bbcwl_normal_face.png	☆こうかい☆
149412bibi	http://mii-images.cdn.nintendo.net/278z6cswkpre5_normal_face.png	Bibi
douseke	http://mii-images.cdn.nintendo.net/mlrz43e10rev_normal_face.png	フワッティー
fernandocerna	http://mii-images.cdn.nintendo.net/3qg43h8g7av1u_normal_face.png	fernando
463-088	http://mii-images.cdn.nintendo.net/20ue94vagxq8d_normal_face.png	へたくそげーまー
ScottyRFC	http://mii-images.cdn.nintendo.net/2c0qv45a5yw25_normal_face.png	Scotty
MyNameIsEricok	http://mii-images.cdn.nintendo.net/3tccju5avyplz_normal_face.png	Diddy
William225S	http://mii-images.cdn.nintendo.net/4bm616wjk9r4_normal_face.png	William
B0wsero1	http://mii-images.cdn.nintendo.net/3azdbcvf2hyu1_normal_face.png	Toastshygy
smartypants12345	http://mii-images.cdn.nintendo.net/24pe6aoc8fus5_normal_face.png	WW★Wiz
aonoanka	http://mii-images.cdn.nintendo.net/2u3a45srzy1ee_normal_face.png	めぐにゃ
rrikuut	http://mii-images.cdn.nintendo.net/2ez25ebjfgv2i_normal_face.png	りく
edward1011	http://mii-images.cdn.nintendo.net/1fkojjuk7fgpj_normal_face.png	Edward
ismaelmedina76	http://mii-images.cdn.nintendo.net/f19sdv2hdf2f_normal_face.png	chiche
ryoukabu2008	http://mii-images.cdn.nintendo.net/28vkk0oano15l_normal_face.png	りょうたろう　　　　
spongyfil	http://mii-images.cdn.nintendo.net/9an2g22sl6ev_normal_face.png	filippo
GAMRPCO	http://mii-images.cdn.nintendo.net/a0stk3ylban9_normal_face.png	Diego
042360u.u	http://mii-images.cdn.nintendo.net/fyrpntmrdr5d_normal_face.png	Kurayami
terraboss	http://mii-images.cdn.nintendo.net/18carm5bv5epg_normal_face.png	hyperflame
ryuuryuuryuuryuu	http://mii-images.cdn.nintendo.net/1shs7k7kar2i5_normal_face.png	ryu_senbei
fieldstone1214	http://mii-images.cdn.nintendo.net/ocwlutusf3u1_normal_face.png	みっちー
mortoniscool	http://mii-images.cdn.nintendo.net/aqqfi46vietk_normal_face.png	nolan:)
youharu.t	http://mii-images.cdn.nintendo.net/1iflzsh68du2h_normal_face.png	GLƒ★Start♪
rafael900055	http://mii-images.cdn.nintendo.net/5e6w45ci8ljy_normal_face.png	Kakashi#BR
Olli090	http://mii-images.cdn.nintendo.net/2arjex0my1c4o_normal_face.png	Olli
WiiOwnU	http://mii-images.cdn.nintendo.net/23u76aufsg0yr_normal_face.png	danny
chewbaccasolovad	http://mii-images.cdn.nintendo.net/1h80bm0lije9l_normal_face.png	yampi
disnalda02	http://mii-images.cdn.nintendo.net/2pn497pr3toqi_normal_face.png	dylan
littlelionwoman	http://mii-images.cdn.nintendo.net/2d1bz4ku804sd_normal_face.png	PotatoBake
alexis26290	http://mii-images.cdn.nintendo.net/6ekifhgd49wn_normal_face.png	alex26
scooby2000	http://mii-images.cdn.nintendo.net/37dl0loaemr1n_normal_face.png	Scooby
nr0127	http://mii-images.cdn.nintendo.net/kfit2efnrqfe_normal_face.png	まー
coolmanor	http://mii-images.cdn.nintendo.net/2txgrbe8tp6pv_normal_face.png	alexm
Gezelig-spelen32	http://mii-images.cdn.nintendo.net/1x0kqgvlare18_normal_face.png	leuk
Tmoney925	http://mii-images.cdn.nintendo.net/290t11hyl37ii_normal_face.png	April
Robndana	http://mii-images.cdn.nintendo.net/2oq00vcn6pnaa_normal_face.png	t rex king
nathan6768	http://mii-images.cdn.nintendo.net/tmgsum3xf2cy_normal_face.png	nathan
jvp1591	http://mii-images.cdn.nintendo.net/x4gmvdm0zf2i_normal_face.png	Joey
Ethancaleb4	http://mii-images.cdn.nintendo.net/1vp2ujtiirhpd_normal_face.png	tronchis
kosei.2005	http://mii-images.cdn.nintendo.net/13gdrexfutxbm_normal_face.png	こうせい.
TinoPuschel	http://mii-images.cdn.nintendo.net/1y3tqfnll6mvf_normal_face.png	Tino
oscarharry56	http://mii-images.cdn.nintendo.net/i4rbn164vian_normal_face.png	oscar cool
LoganWilson11	http://mii-images.cdn.nintendo.net/2jh5b6kjd7zji_normal_face.png	Logan
Dori82	http://mii-images.cdn.nintendo.net/2g0m2bc3zvhqd_normal_face.png	TurboPete
majyu0604	http://mii-images.cdn.nintendo.net/7jo4qy1ozamn_normal_face.png	パール
AlexAnimation	http://mii-images.cdn.nintendo.net/2xuhdb579miw0_normal_face.png	Alex
Schwartz5534	http://mii-images.cdn.nintendo.net/244d7h1jf8yk5_normal_face.png	Schwartz
555ken10	http://mii-images.cdn.nintendo.net/tfd0dxe3gaww_normal_face.png	けんとぅー
Juanki2009	http://mii-images.cdn.nintendo.net/1y74cxez8wyjf_normal_face.png	Juanki
iinodesign	http://mii-images.cdn.nintendo.net/1e327e9hm156g_normal_face.png	かずひこ
625UUU	http://mii-images.cdn.nintendo.net/3p826p8w1btjx_normal_face.png	ウエムー
MaJaGo2008	http://mii-images.cdn.nintendo.net/29xdzn5jixtp8_normal_face.png	Charizard
chatataro	http://mii-images.cdn.nintendo.net/3tr53acc264zo_normal_face.png	ジンタ
shenao	http://mii-images.cdn.nintendo.net/2xpyy4z09iebq_normal_face.png	sebmtt
DoctorDPad	http://mii-images.cdn.nintendo.net/2k0yv5yqnzaol_normal_face.png	Dr. D-Pad
mamikaremikaji	http://mii-images.cdn.nintendo.net/1hij8pnyub7ag_normal_face.png	じんくん
AdityaK2003	http://mii-images.cdn.nintendo.net/1g4vr2ed8c982_normal_face.png	Adi
Shakeshack1457	http://mii-images.cdn.nintendo.net/1d1idr0k0rrlw_normal_face.png	Bryce
Lucasjwfr	http://mii-images.cdn.nintendo.net/399fgdg3tqh72_normal_face.png	unknown???
jbetke1	http://mii-images.cdn.nintendo.net/3od2rh81tvcr6_normal_face.png	Jason
gabrielsaade	http://mii-images.cdn.nintendo.net/1glf7oagwpgo6_normal_face.png	Gabriel
holly_boone	http://mii-images.cdn.nintendo.net/2pc0n5xetkpso_normal_face.png	▲★hollyœ†★
LUIS_OJ	http://mii-images.cdn.nintendo.net/3ho0qjvzgmnwo_normal_face.png	LUIS ANGEL
luisnanordz	http://mii-images.cdn.nintendo.net/31nrkycyhe11w_normal_face.png	nano
takao810	http://mii-images.cdn.nintendo.net/2w7jqrcrb0aao_normal_face.png	たか
malekgael	http://mii-images.cdn.nintendo.net/v2thfperodbu_normal_face.png	malek
le_gigi96	http://mii-images.cdn.nintendo.net/1f4csx04x40jc_normal_face.png	zayi
lukecdepauw	http://mii-images.cdn.nintendo.net/39lw3j41ibvr9_normal_face.png	Jack
EnzoTheSaviour	http://mii-images.cdn.nintendo.net/2e11xagh7qskf_normal_face.png	Enzo
toadymchopper	http://mii-images.cdn.nintendo.net/1o82k21pio7c2_normal_face.png	sparky
zarnov	http://mii-images.cdn.nintendo.net/4b786uzkiq5t_normal_face.png	Earle
kajikimaguro2121	http://mii-images.cdn.nintendo.net/3aibf2vucey9x_normal_face.png	りっくん
PixleMan25	http://mii-images.cdn.nintendo.net/yzgkoywoxizs_normal_face.png	Ethan
zen0906	http://mii-images.cdn.nintendo.net/3nrl705lffayj_normal_face.png	ぜん
FishFaceHD3	http://mii-images.cdn.nintendo.net/3mz9fx3ckqiio_normal_face.png	Majestra:)
Boomersaurus	http://mii-images.cdn.nintendo.net/20rhrbgxuemb3_normal_face.png	Mom
jclark23	http://mii-images.cdn.nintendo.net/xqgrfdl9qfl4_normal_face.png	Devin
lili2910	http://mii-images.cdn.nintendo.net/1c2pxbqrqza7r_normal_face.png	MaMan
masa599jp	http://mii-images.cdn.nintendo.net/dr8wwumzkdzz_normal_face.png	まさ
ls-cavia	http://mii-images.cdn.nintendo.net/28gu0d22m5754_normal_face.png	ls1
verschaut	http://mii-images.cdn.nintendo.net/1ilpcbkrr12qw_normal_face.png	hihi
11207A	http://mii-images.cdn.nintendo.net/20w2t9c0jw6uv_normal_face.png	System“Z”
melvin2614	http://mii-images.cdn.nintendo.net/p0r2tfc6xieb_normal_face.png	harbor
WIIFun456	http://mii-images.cdn.nintendo.net/35c476v6eyrux_normal_face.png	BrainBoy
PetarKovacevic	http://mii-images.cdn.nintendo.net/24ljswddwc72j_normal_face.png	Petar
Mrr.Chris	http://mii-images.cdn.nintendo.net/2tift20zyclv8_normal_face.png	Chris
valenkar	http://mii-images.cdn.nintendo.net/6na1pnilnwjn_normal_face.png	sebas
iggyhammy	http://mii-images.cdn.nintendo.net/268m5wr37jpyq_normal_face.png	hammy
Soda-Candy12	http://mii-images.cdn.nintendo.net/2qqfg68xiuzz2_normal_face.png	☆ひりな☆
jimmster06	http://mii-images.cdn.nintendo.net/xmtxixzm2vjv_normal_face.png	jimmy
michaels678	http://mii-images.cdn.nintendo.net/1wcd6gfdbuyof_normal_face.png	michaels.
mommyjade	http://mii-images.cdn.nintendo.net/14aavveak1uqx_normal_face.png	Jade
AnnieHallee	http://mii-images.cdn.nintendo.net/3r8ukrl04csqp_normal_face.png	seb
yt171217	http://mii-images.cdn.nintendo.net/30hky8ctw90th_normal_face.png	ゆずき
cjg294	http://mii-images.cdn.nintendo.net/52gbgwkqd6y0_normal_face.png	DEVEL+ΩΨΩΨ
Tronslihno	http://mii-images.cdn.nintendo.net/18nprcjl7izss_normal_face.png	Dio Brando
newnintykids	http://mii-images.cdn.nintendo.net/6ntv384kvzyh_normal_face.png	Pip 
nyanbros145	http://mii-images.cdn.nintendo.net/5xlanyirw7qa_normal_face.png	★Retired★♪
Mkreyer	http://mii-images.cdn.nintendo.net/1692u9tx04jsb_normal_face.png	Maxime
toutouche20	http://mii-images.cdn.nintendo.net/18lyjcqtiibf9_normal_face.png	toutoune
gredo8	http://mii-images.cdn.nintendo.net/ykwkvxnlat0u_normal_face.png	gredo
Hulvey	http://mii-images.cdn.nintendo.net/1qo78vruiwizo_normal_face.png	Ryan
marcgough	http://mii-images.cdn.nintendo.net/1asflzqf7f3as_normal_face.png	daddy
tomazbucar111111	http://mii-images.cdn.nintendo.net/2w3b66jtkbac2_normal_face.png	k
yukey2016	http://mii-images.cdn.nintendo.net/3v8tt1jspia4_normal_face.png	?
Xirus5305	http://mii-images.cdn.nintendo.net/1t1ujkgdg2f0q_normal_face.png	Xirus5305
CometBlaster89	http://mii-images.cdn.nintendo.net/1aml9oozc53e7_normal_face.png	REESE
Tamaiti	http://mii-images.cdn.nintendo.net/1yeaixxpebztx_normal_face.png	JP
garogabriel	http://mii-images.cdn.nintendo.net/1iqkczbwca4c2_normal_face.png	gabriel
kx-fkn526-w	http://mii-images.cdn.nintendo.net/3q8bguh88jgmv_normal_face.png	さやか
4JakeD4	http://mii-images.cdn.nintendo.net/1lbpdy4c32r3y_normal_face.png	ΔΨΔΖΩ
LOVELIVEOTONOKI	http://mii-images.cdn.nintendo.net/1877yvigg0dqt_normal_face.png	ことほのまき
mk_c02	http://mii-images.cdn.nintendo.net/2hn16yd2kt7co_normal_face.png	Any
Mrs.Hellen	http://mii-images.cdn.nintendo.net/39wlr2y12tuu2_normal_face.png	Hellen
