Nolram	BR
わーお(^_^)	JP
れんれん	US
るるか	JP
るぴちゃん	NO
るいかい	CA
りょうたろう　　　　	JP
リョウガ	JP
りょーと	US
りゅうしん	FR
りゅうき	JP
りっくん	FR
りくっち	DE
qfgh	US
ygfcxc	FR
pñlk	JP
bvv	JP
りーちゅん♪	BR
りーちゃん	BR
ヨッシー	JP
よしひろ	HN
よこはま	US
ゆめか	FR
ゆっくん	JP
ゆずき	US
qasd	JP
ゆうと	JP
grtg	US
mk	DE
ゆうご	FR
ゆうき	JP
ゆうが	JP
ゆう	JP
ユイガマスター	JP
ゆい	MX
やまだ	JP
やたろう	JP
やす	BE
もやし	GB
もえもえ	BR
めぐにゃ	US
めぐ	DE
ムササビン	US
ミラン	JP
みゆ	US
みほしゃん	GB
ミットュー	US
みっちー	US
みつ	MX
ミーツー	CA
まさのり	JP
sdffg	DE
まさし	JP
まさき	GB
まさ	MX
まこりん	BE
まあたん	JP
マーヤ	US
まーくん	JP
まー	JP
ほの	JP
ほづき	MX
ボーリングのたま	JP
ポーくん	MX
ヘンリー	JP
へたくそげーまー	JP
ぶん	CA
フワッティー	JP
ブロッコリーブロリー	JP
プリシア	US
ぶちころぶちころあ.	JP
プクプク	MX
ぷくたろう	JP
フォレスト	JP
ぶーたろ	NL
ぷーいけ	JP
ひろと	MX
zk gcxvbg	US
2eftr67hy	JP
7ytgvf d	US
ひろ	US
ヒロ	JP
ひまじん	JP
ひと	JP
ヒデ	JP
ひで	US
ひっと	JP
ひっか	JP
ビーン	DK
はるま	JP
はると	JP
はるき	JP
165vfdv5	JP
はるき23	JP
769sdvdf	JP
はやと	JP
ぱぱnn	MX
ぱぱa	US
ぱぱ	JP
はな	JP
バットボーイ	MX
パール	US
なり	JP
ながちゃん	JP
ナガ	GB
なおやん	US
ないと	US
ドラ	BR
65156sdv	US
とも	US
とだゆうき¶	US
ときや	JP
とおりすがりのオタク	BR
とあ	IT
てるぼうず♪	JP
てった	JP
てすと	US
ちょちょP	SE
ちゃんじゅに	JP
ちやんがら	JP
たみお	US
たつや	US
たっくん	US
たつくん	US
たこやき	DE
たくや	RU
たくみ	NL
たくと	US
タカ2	FI
たか	JP
wefwe23re	JP
だいちゃん	JP
だいき	US
FBGTY532	ES
AQDG	GT
タイ	BR
そのひぐらし	US
そうたqvbnj	MX
そうたasdas	MX
そうた	BE
そう	IT
ぜん	US
せな とき こと	US
せいや	JP
スピラン:V.V.V	GB
スタチュー	US
ズームイン	DE
スーパーソウル	BR
じんめんなめこ	US
しんたろう	JP
ジンタ	JP
じんせいはいちどきり	JP
しんさく	US
じんくん	US
じんいちろう	BE
しようと	RU
しょうじ	JP
じょういち	FR
しょう　きんた	MX
しゅん	BR
しゆーせ	US
しげる	JP
しげ	JP
さやか	FR
さな	FR
さくさく♪	US
さいきょう	JP
こまち(#´∀`#)	JP
ことほのまき	US
こてっちゃん	IT
こうちゃん	US
こうた	US
BFG2345	BR
こうせい.	JP
こうすけ	CL
こうき	MX
FDVERF44	CA
けんとぅー	BR
けん	FR
けいと	MX
98ed237jvfSD	PT
21cdt4er34t54g5t7u78	FR
クラッシュ	JP
くっちゃん	BR
くつした	US
グール.KY	US
くーちゃん:	JP
クーゲルシュライバー	US
きらと	JP
きら	DE
きよまさ	JP
きむにぃ	CA
キッカム	US
きうく	GB
きいちろう	MX
かんた	JP
かんた1232	JP
かんじ	JP
かるま	FR
かよう	JP
かなと	MX
かつどん	HN
ガッツミラー	US
かつあき	ES
かぜのとき	US
かずひこ	BR
かず	US
かおり	US
かいと2345	JP
かいと	JP
カイト	US
かい	US
おれきんぐ	JP
オムライス	CA
おたイカ	JP
おくパーのおっとっと	IT
オオカミ	JP
えいしょ	JP
ウエムー	JP
いぶき	JP
イカしたイカ!	US
あらいでーす	US
あゆむ	BR
アツモリ	US
あつひと	FR
アッスーくん	BR
あっくん	AT
アシュリー	ES
あさひ	US
あくま	MX
あかね	US
あおりいかせんぱい	GB
あおい	JP
あいうえおかきくけこ	JP
あーはい、えーはい、	JP
あ	JP
Крутой	JP
ρгσ☆Jαкε♂♪	BR
ΔΨΔΖΩ	JP
βόόдϊё	JP
ZYX:しょうとら	JP
Zudomon	AU
Zoey	JP
Zizzy boy.	US
zekrom	US
Zebazone	US
zayi	US
zak	JP
Zadiee	JP
Zack	JP
z man	US
Yuki	GB
Yudi	US
YT: LGZ	JP
YT_BlueX2	BR
YouTubeDE	DE
yoshi678	US
yassy	MX
Yann	US
yang～	GB
yampi	PL
XIXILI	BR
Xirus5305	JP
Xeze	AU
XelonGamer	JP
xander	CL
Xakrom	JP
WW★Wiz	JP
würstli	JP
wtylp?onz	JP
WoodBottle	AU
Wolf	JP
Wisplisp	FR
WillianFOX	JP
William	US
3qnjreuieriuenvrnjeioiojwefnie	CA
WiLLiAM	GB
Williamrtyui	JP
Willa	US
WiLL	CA
Waverunner	BR
violetta	US
Vince	MX
victor	MX
vicente	MX
uyi	MX
Usiel04	US
unknown???	US
un men mas	US
umbreon	AU
TYRELFENIX	SE
Tyler	JP
Tyler45678	JP
Ty	ES
TurboPete	JP
tubby	US
tronchis	US
trivium	US
toutoune	US
TorviC	ES
tori	BR
Tori	US
toon link	JP
tommy	US
Tomas	US
Tom	US
Toby	ES
Toastshygy	US
Tito	US
Tino	JP
timmy	US
Tiffany	US
Thomás	CA
ThirdMan	US
Theophile	US
THA.THI	BR
teter	BR
Terry	NL
Terrell	JP
TerraDude	JP
teotim07	US
teizo	JP
Tavão	US
Tati	MX
tammy	US
tami	JP
Takuma	JP
Takeshi	JP
take	US
t rex king	JP
T	MX
System“Z”	JP
Sydy	JP
SuperScope	JP
Sunshine	SE
strummer	BR
stone486	BR
Stew	MX
Steven	US
steve	US
Stats	JP
Stacks	CA
st.reserve	US
Splatevuts	US
Spielberg	US
spiderman	MX
sparky	US
SoundGuy	US
sophie	US
Sophia	CA
song2	SE
someone	MX
Soman HD	JP
solis7588	CA
Soldier	CL
sofia	BR
snoots	US
snep	US
Slimed246	JP
Sirfut	FR
silas	DE
ShinyEevee	US
sherlyn	US
Sherbert	US
Shawn	US
Shane	US
sgk	BR
Sethy	US
sergio	JP
Senna	US
Sendar	GB
sebmtt	JP
sebastien	US
sebas	MX
seb	CA
scum bug	JP
Scotty	GB
Scooby	US
Schwartz	JP
Santiago	JP
Santa	JP
Sandeep	DE
Samuraian	JP
sammy	JP
sami	US
Salt Lake	AU
Sal	JP
Sacha	GB
Sabado	JP
ryu_senbei	JP
ryota	DK
RYO	JP
Ryan56789	US
ryan	ES
Ryan	JP
Ry	JP
Rublox	JP
RTK	JP
roro	JP
Romane	JP
Rok	JP
Rocky	JP
RobotWare	US
Rj 	US
Riley	BE
Rico	US
Rick	JP
Rhade	ES
Rh15Z	JP
Resbambi	JP
Renata	JP
REESE	JP
reece	JP
Reaper	JP
Rayodfgh	JP
Ray	JP
Ravil	JP
Randy◆SBP◆	US
random man	US
ramdy.c	FI
raix	MX
Rafael8745	FR
Rafael	US
rafael	US
quentin	US
Qnitne	DE
Prof Macln	US
primo	US
PotatoChip	BR
PotatoBake	US
Portuga	US
pops	US
pollito	US
plumber	US
PlatyGames	IE
Pip 	US
pinkachuz	BR
Pietro64YT	MX
picudin	DE
pichitekta	DK
petit loup	US
Peter	CA
Petar	JP
pera	ES
Pelita	US
pedro	DE
42jereuier89uirefh	US
Paul	US
Paul456y7	US
Patrick	US
Patrice	PT
Parker_0_	JP
PARKER	SE
papuchin	DE
PaprShrimp	JP
PAN　まーくん	IE
p-star 7	US
Owen	BR
Otroplayer	MX
oscar2	MX
oscar cool	US
orange616	US
Olli	US
oliver 808	GB
Oli	FR
Obot	US
nurvss	US
Nuggets	CA
NTDO C.J.	MX
Norakta	GB
Noops!	BR
nolan:)	US
noah	CA
NJK	US
NinThumbYT	GB
nino	DE
Nin★Мarco	US
Nik	US
nico	BR
09ñpkfdui2	US
nick	US
Nicholas	FI
Nicholas5678	US
Nevio	US
Nei	JP
Nathan	JP
nathan1234	US
nathan	US
Nate	GB
nano	AU
Nahil	US
NAddict00	JP
muranari	CA
Muireall	DE
Muffy	GB
MrsShefski	AU
mrjqwwwuuu	FR
mr.awesome	US
Mr. Caboor	US
Mr-Cabral	US
mr poops	JP
Mommy	US
Mom	DE
mjkk	GB
miralexis	JP
Mirage	US
min∞Shina	US
Mim	US
MIKE	JP
Mike	DE
Mikal	DE
Miguel	JP
MichiMorde	JP
michaels.	JP
Michael	GB
messi	FR
Men 123	US
Men 10	US
Mel	US
MCW UK	GB
MaXXXi	JP
Maxime	JP
maxím	DE
Max	JP
Matthew	JP
matthew	JP
Mattew	JP
MATSURI★	FR
math	JP
mat	US
mason	US
Mario	DE
marek	JP
marcel ps	FR
mar	US
manhead	CA
Manaka	JP
MANA	JP
MaMan	US
malek	US
Makerpro	US
Majestra:)	JP
MAI	JP
mac	US
Mac	US
maboiweelz	JP
maa	BR
Lulu	CA
LukeTerver	US
LukeSegn	MX
luke	US
Luke	US
21ctryt565	BR
lukas	JP
LuisE242	US
LUIS ANGEL	AT
Luis	JP
luis	NL
Luigi	JP
Luciano	JP
luciano	GB
lucas2006	US
lucas	US
Lucas	US
213sdf8invgreer	US
Luca	GB
ls1	ES
Louna	CL
louk viac	US
lordganon	FR
lokman	US
lokendero	JP
Logan	BR
lizerd leg	CA
Liverwurst	FR
Lionel	US
LINK	US
Lingpling	JP
Lily	US
Lilli Boo	US
LILI	CA
Lil Jay	US
Liberated	JP
Liam	GB
levi	FR
leuk	US
LEOTS DIOS	JP
Lele	DE
Le-le	US
Le	FR
laurigula	NL
Laurianne	US
Lasercorn	US
Larina★fs	JP
Lantis	US
Landen	BR
lalank	CA
Lady Mara	JP
L	JP
kyran	GB
kyo kun	AU
Kyle792	DE
Kyara	US
kurotora	US
KURI♪くり!！！	NL
Kurayami	US
kristelle	US
Kris	JP
Kotatsu	JP
Kosten	FR
Konata	CA
kingmark	JP
King Rafa	US
Kinder	JP
kimbob	IE
Kevin	MX
Kelly	JP
Keenan	JP
kdogg	NL
Katz	JP
Kastrup	JP
KAR3N	CA
kami	BR
kam	BR
Kakashi#BR	US
Kaiyote87	GB
K0U	ES
k4567	US
k	GB
junior	AU
Jump	US
JulioMegax	MX
juli	US
JuanR	DE
Juanki	JP
juan jose	US
Juan	JP
juan	PE
jt	JP
jrx15	US
jroc	ES
jp	BR
JP	US
joshington	JP
joseph	IE
JoseEmilio	DE
Joran	JP
jonty	JP
Jonathan	US
Jonas	DE
s56vddfdf56dfv5656	CA
jollybear	JP
Jojo	ES
JohnnyZ	JP
Johnny	JP
JOHN-john	DE
john	JP
Johan	JP
jogo-jogos	DE
Joey	JP
joe	DE
q23gtyi78	US
joao	BR
jjjj	US
Jipvh	US
4rer4w5b	FR
3g45jyyhnyu	JP
jimmy	US
Jesus	FR
jessica	CA
Jesse	JP
Jerikob	US
jeo	US
Jenn	ES
jeanbatman	BR
Javier	US
Jason	GB
Jameson	US
James 	US
James	FR
Jade	US
jacobis	AU
jacob	FI
Jacob	CA
jack	US
jack5678	JP
Jack	US
Ivan	JP
It	DE
Isaque	US
Isaac♪	AU
Isaac	PT
Isa	US
inocandy	PT
inklink	JP
Ilyâs	US
iker	US
iiwii	CA
Ihaadev	US
Igor	JP
Icy	DE
Ian	JP
hyperflame	AT
Hunter	JP
homosapion	IT
HipFan	US
hihi	US
Hevchki	AU
Henza	NO
Henrique	DE
Hellen	JP
Hela,Dゼノ	JP
Heitor	FR
heini	JP
HECTOR	MX
hayden	US
Hatch	ES
Hasan	DE
harunigiri	US
Harry	DE
harri	GB
harbor	DE
Hannah	JP
Handy	US
hammy	US
Ham	US
hail	US
Gweneriste	US
Guycito	US
Guto	US
wqxdihjvhovrdh gf	JP
gustavo	JP
Guille	JP
guilherme	CA
Greig	FR
GreedyDevl	GB
gredo	JP
Gravejigga	JP
Grant	US
gouveia	IE
Gonra6333	DE
Goat	JP
GLƒ★Start♪	BR
Gigi Cravo	JP
Gessualdo	MX
GEORGE	US
Gene	JP
GE☆Leo	US
Gavin	JP
Gavin741	AT
gameryoshi	JP
Gabriel	JP
Gabriel85632	JP
gabriel	BR
Frank	JP
francisco	JP
Flemming	DE
first	JP
Firebolt	JP
Finni	ES
finialfie	JP
filippo	IE
Feschwuddl	DE
ferni	JP
fernando	CA
Felipe	BR
fazerlazer	AU
Favrel	JP
FAFA	JP
Fabs	NL
Evil tubby	JP
Evan Fedex	US
evan8632	DE
evan	GB
Ethunboo	MX
ethan	US
Ethan	US
esequiel	JP
Enzo	MX
Entei	IT
emmanuel	AT
Emmalee~	BR
Emerson	US
eliott	JP
Elijah	MX
elias	US
Eli4521	SE
eli	MX
eli5421	US
Eli	JP
elfballer	JP
Edward	JP
Eduardo	AU
edd	US
eAzy	US
Earle	US
Eagle	CA
DYLAN	US
dylan	BR
Drew	JP
Drew5467	US
Dr. D-Pad	US
Double A	US
dormidente	US
Dorian	US
Dominic	GB
Domingo	JP
DocKwyjibo	US
DizzyIzzy★	NL
Disgusting	US
Dio Brando	BR
Dii	CA
s ddfb kjui	US
Diego	SE
wad hyhilñ	IE
edcmyjil.	JP
qaztgbynj	DE
diegales	US
Diddy	US
Devin	GB
DEVEL+ΩΨΩΨ	JP
Dejvan	US
Deity	JP
Davios	IT
DaviLuiz	DE
dave	US
jdfjkdf2fdjkjkd309rgfswewe	US
Dashboard	BR
Dash1138	CA
Dash	US
DarthVader	JP
DarkJake13	US
Darhkwing	JP
Dantay	DE
DANNY	US
danny	PE
Daniel6	US
daniel	JP
Dani	DE
daddy	JP
dad	JP
Dad	US
nhgf9904945ruivjgfnvjf	US
Daak_lp	BR
cuco	CA
Csillag	DK
crystal	VE
cristiano	ES
Crispy	DE
Cpt.Fluffy	US
connor	CA
Cole	JP
CLONE	JP
Claude	US
Claire :)	US
Chris5445	FR
chris	JP
Chris54545	US
chino2	JP
Chine	US
chilywilly	JP
chiche	US
chi chi	US
Chase	US
Charizard	US
Charger	ES
Chara	JP
channing	ES
chance	JP
Champi	GB
carlos	GB
carjdfnvuifdn	US
Carlos	ES
callum	FR
calib9009	JP
caio	US
Cain	US
c0ld	US
C.Grimcraf	US
Burning★IV	CA
buggy75	BR
Bryce	BR
BRUNO	JP
Brock	NZ
BRO	PE
Brie	US
Brice	JP
Brian	DE
Bri	JP
Brayer	MX
Branson	JP
brandon	GB
Brandon	US
brandman	US
BrainBoy	GB
brady	CA
bradley	JP
BR☆Markus¿	JP
Boone	US
bonne	FR
BONEdog	JP
BobRby	IT
Bobbyr	MX
bob	CL
Blue Leffe	CA
BlacKGes	JP
BlackDraco	JP
binho	US
bigeye	JP
bigdshaw86	BR
bigcountry	DE
biel	GB
Bidouchon	US
drfcvghbjn567	US
Bibi	US
bhnjk	FR
Beth	US
bernie	JP
Bernardo	US
Benjamin	NL
Bengamein	US
bebe	US
bdog	FR
Bako	US
bady boy	MX
Bad Wolf	JP
Bach	DE
BabyPanda	GB
B4N4N4	US
austin	DE
aurelia	JP
Atticus	US
Arthur	US
Arjun	JP
April	MX
Any	JP
Antman	JP
Annie	GB
ANGELITO	JP
Angel	CO
7dfvfd5vfd58	US
Andy	JP
Andrés	US
AmlcarTmmy	US
Amari	US
Alysse	US
Alhya	BR
alfonso	US
alfieboy10	MX
alexm	MX
Alexandre	JP
alex26	VE
kkfd	US
 vf fdsv	US
 df fdfvf	FR
qwederfc	CA
Alex	CA
Alessandro	JP
Alef_B_N	GB
alansito	JP
Alan	DE
aitorito	US
aha ahhaa	US
Adi	FR
Adeadflyy	JP
Adam69	NL
ADAM	DE
Aaron	JP
2B	US
2109s	GB
1コメさん	HR
$^O^$	BR
♪ホイップ♪	MX
♪　Anna ♪	US
☆ひりな☆	JP
☆こうかい☆	US
☆かっぺ☆	US
☆かずは★	US
☆Sjors☆	CA
★Retired★♪	JP
▲★hollyœ†★	US
～~кõñвū~～	MX
<	US
†Pоиo☆ポノォ†	US
#BFF	FR
*LN*	FR
【ひでちゃん】®	ES
【OJS】FUJI	US
【ņöà】	GB
【LS】はるとぅーん	SI
「  」	JP
。。。。。。。。。。	FR
。。。	GB
......	MX
?	US
:D	JP
  Mario!  	US
　　　　　　　　　お	JP
wefrvg	IT
8	BR
